date,price,open,high,low,change %
12/30/2025,4370.1,4346.4,4403.6,4338.0,1.04%
12/29/2025,4325.1,4371.5,4379.0,4325.1,-4.50%
12/26/2025,4529.1,4512.0,4556.3,4502.0,1.08%
12/24/2025,4480.6,4500.7,4503.4,4468.4,-0.05%
12/23/2025,4482.8,4503.3,4503.8,4450.4,0.86%
12/22/2025,4444.6,4371.1,4447.6,4371.1,1.91%
12/19/2025,4361.4,4350.1,4361.4,4350.1,0.50%
12/18/2025,4339.5,4331.0,4348.1,4328.2,-0.18%
12/17/2025,4347.5,4308.5,4351.4,4308.5,1.00%
12/16/2025,4304.5,4270.5,4321.4,4270.5,-0.05%
12/15/2025,4306.7,4308.3,4349.2,4292.9,0.15%
12/12/2025,4300.1,4276.4,4355.0,4260.0,0.34%
12/11/2025,4285.5,4224.0,4286.9,4214.3,2.12%
12/10/2025,4196.4,4209.0,4234.5,4183.6,-0.24%
12/09/2025,4206.7,4190.7,4219.7,4177.7,0.47%
12/08/2025,4187.2,4205.5,4215.8,4175.5,-0.61%
12/05/2025,4212.9,4204.1,4255.7,4194.5,0.03%
12/04/2025,4211.8,4211.0,4211.8,4175.0,0.30%
12/03/2025,4199.3,4215.7,4234.1,4195.7,0.30%
12/02/2025,4186.6,4230.5,4230.5,4167.0,-1.24%
12/01/2025,4239.3,4218.5,4262.1,4214.9,0.50%
11/28/2025,4218.3,4163.4,4223.9,4140.0,1.27%
11/26/2025,4165.2,4128.6,4171.0,4127.5,0.63%
11/25/2025,4139.2,4139.2,4139.2,4139.2,1.16%
11/24/2025,4091.9,4060.5,4091.9,4060.5,0.37%
11/21/2025,4076.7,4031.8,4085.2,4031.8,0.50%
11/20/2025,4056.5,4045.0,4090.4,4040.2,-0.52%
11/19/2025,4077.7,4086.1,4122.7,4072.0,0.40%
11/18/2025,4061.3,4037.4,4063.4,4035.6,-0.17%
11/17/2025,4068.3,4070.0,4099.5,4019.4,-0.47%
11/14/2025,4087.6,4197.7,4197.9,4047.0,-2.37%
11/13/2025,4186.9,4228.7,4228.7,4163.7,-0.42%
11/12/2025,4204.4,4115.6,4204.4,4102.9,2.38%
11/11/2025,4106.8,4140.1,4140.1,4106.8,-0.12%
11/10/2025,4111.8,4060.0,4111.8,4060.0,2.81%
11/07/2025,3999.4,3980.8,3999.4,3980.8,0.49%
11/06/2025,3979.9,4004.0,4007.5,3979.9,-0.01%
11/05/2025,3980.3,3929.9,3983.5,3929.9,0.83%
11/04/2025,3947.7,3994.2,3995.4,3927.4,-1.31%
11/03/2025,4000.3,3976.2,4020.0,3959.0,0.45%
10/31/2025,3982.2,4034.5,4034.5,3976.6,-0.48%
10/30/2025,4001.3,3960.0,4027.2,3913.7,0.44%
10/29/2025,3983.7,3983.7,3983.7,3983.7,0.44%
10/28/2025,3966.2,3929.7,3966.2,3923.6,-0.89%
10/27/2025,4001.9,4060.0,4078.6,3971.3,-2.83%
10/24/2025,4118.4,4117.5,4120.6,4074.9,-0.17%
10/23/2025,4125.5,4078.4,4136.8,4070.7,2.01%
10/22/2025,4044.4,4109.7,4148.5,4006.0,-1.06%
10/21/2025,4087.7,4332.7,4332.7,4087.7,-5.74%
10/20/2025,4336.4,4244.1,4356.6,4214.6,3.50%
10/17/2025,4189.9,4354.7,4358.0,4182.2,-2.11%
10/16/2025,4280.2,4198.8,4307.0,4196.6,2.47%
10/15/2025,4176.9,4145.0,4210.6,4145.0,0.92%
10/14/2025,4138.7,4131.7,4160.1,4085.8,0.73%
10/13/2025,4108.6,4016.0,4111.0,4016.0,3.34%
10/10/2025,3975.9,3957.0,4012.0,3945.5,0.75%
10/09/2025,3946.3,4011.2,4046.2,3940.0,-2.40%
10/08/2025,4043.3,3987.2,4049.2,3987.2,1.68%
10/07/2025,3976.6,3959.4,3981.5,3940.0,0.71%
10/06/2025,3948.5,3931.3,3960.0,3926.8,1.74%
10/03/2025,3880.8,3855.2,3886.8,3853.7,1.07%
10/02/2025,3839.7,3856.2,3888.6,3823.7,-0.72%
10/01/2025,3867.5,3863.5,3891.9,3853.3,0.70%
09/30/2025,3840.8,3827.5,3865.5,3793.4,0.52%
09/29/2025,3820.9,3754.8,3827.6,3754.8,1.21%
09/26/2025,3775.3,3775.3,3775.3,3775.3,1.03%
09/25/2025,3736.9,3742.8,3756.0,3724.7,0.13%
09/24/2025,3732.1,3769.8,3772.5,3732.1,-1.28%
09/23/2025,3780.6,3747.0,3786.0,3740.0,1.07%
09/22/2025,3740.7,3688.2,3748.2,3688.0,1.88%
09/19/2025,3671.5,3659.0,3685.9,3658.2,0.76%
09/18/2025,3643.7,3654.6,3667.4,3637.0,-1.03%
09/17/2025,3681.8,3669.0,3685.2,3661.6,-0.19%
09/16/2025,3688.9,3681.4,3698.6,3681.4,0.18%
09/15/2025,3682.2,3640.0,3686.4,3635.1,0.90%
09/12/2025,3649.4,3655.5,3656.8,3643.0,0.34%
09/11/2025,3636.9,3632.9,3636.9,3618.4,-0.18%
09/10/2025,3643.6,3625.0,3655.4,3620.8,0.01%
09/09/2025,3643.3,3647.1,3670.4,3627.8,0.14%
09/08/2025,3638.1,3594.5,3641.0,3590.0,0.69%
09/05/2025,3613.2,3567.8,3613.2,3567.8,1.33%
09/04/2025,3565.8,3549.9,3573.6,3549.9,-0.76%
09/03/2025,3593.2,3554.8,3593.7,3553.2,1.23%
09/02/2025,3549.4,3485.7,3559.2,3485.7,2.18%
08/29/2025,3473.7,3432.5,3475.6,3426.6,1.22%
08/28/2025,3431.8,3409.0,3434.6,3400.0,0.80%
08/27/2025,3404.6,3397.0,3404.6,3382.0,0.47%
08/26/2025,3388.6,3378.9,3396.5,3371.1,0.44%
08/25/2025,3373.8,3366.0,3378.0,3366.0,-0.02%
08/22/2025,3374.4,3349.4,3377.7,3349.4,1.12%
08/21/2025,3336.9,3349.4,3349.4,3326.5,-0.19%
08/20/2025,3343.4,3310.6,3343.5,3310.1,0.91%
08/19/2025,3313.4,3330.2,3343.5,3313.4,-0.55%
08/18/2025,3331.7,3333.5,3347.8,3331.7,-0.13%
08/15/2025,3336.0,3346.8,3346.8,3335.9,0.02%
08/14/2025,3335.2,3346.8,3356.0,3328.9,-0.70%
08/13/2025,3358.7,3358.8,3363.4,3358.7,0.29%
08/12/2025,3348.9,3356.2,3356.2,3330.1,-0.13%
08/11/2025,3353.1,3383.9,3383.9,3349.2,-2.50%
08/08/2025,3439.1,3438.8,3477.0,3402.5,1.14%
08/07/2025,3400.3,3384.9,3422.9,3384.9,0.60%
08/06/2025,3380.0,3380.7,3383.3,3361.3,-0.06%
08/05/2025,3381.9,3378.5,3387.2,3351.2,0.22%
08/04/2025,3374.4,3367.6,3386.5,3347.4,0.80%
08/01/2025,3347.7,3286.2,3360.6,3281.0,1.65%
07/31/2025,3293.2,3272.9,3312.0,3272.9,-0.08%
07/30/2025,3295.8,3325.8,3331.8,3263.9,-0.83%
07/29/2025,3323.4,3323.4,3323.4,3323.4,0.43%
07/28/2025,3309.1,3326.6,3326.8,3309.1,-0.75%
07/25/2025,3334.0,3344.0,3345.0,3326.5,-1.10%
07/24/2025,3371.0,3367.0,3371.0,3367.0,-0.68%
07/23/2025,3394.1,3430.3,3433.9,3388.1,-1.31%
07/22/2025,3439.2,3411.0,3441.0,3395.6,1.10%
07/21/2025,3401.9,3350.3,3411.7,3350.3,1.46%
07/18/2025,3353.0,3338.2,3353.0,3338.2,0.39%
07/17/2025,3340.1,3313.8,3340.8,3313.8,-0.37%
07/16/2025,3352.5,3341.2,3352.9,3329.5,0.68%
07/15/2025,3329.8,3341.0,3341.0,3329.8,-0.65%
07/14/2025,3351.5,3367.0,3375.5,3350.0,-0.13%
07/11/2025,3356.0,3330.5,3370.0,3330.5,1.16%
07/10/2025,3317.4,3323.6,3330.5,3311.6,0.18%
07/09/2025,3311.6,3289.4,3314.0,3282.0,0.14%
07/08/2025,3307.0,3330.4,3334.5,3287.6,-0.76%
07/07/2025,3332.2,3305.5,3333.3,3299.2,-0.01%
07/04/2025,3332.5,3342.0,3342.0,3332.5,0.03%
07/03/2025,3331.6,3362.0,3362.0,3322.3,-0.49%
07/02/2025,3348.0,3329.0,3357.5,3329.0,0.34%
07/01/2025,3336.7,3310.1,3354.1,3310.1,1.28%
06/30/2025,3294.4,3265.9,3306.9,3262.0,0.63%
06/27/2025,3273.7,3318.7,3318.7,3253.8,-1.79%
06/26/2025,3333.5,3332.4,3333.5,3332.4,0.19%
06/25/2025,3327.1,3321.6,3331.2,3310.6,0.29%
06/24/2025,3317.4,3358.0,3358.0,3301.0,-1.79%
06/23/2025,3377.7,3365.9,3387.9,3350.0,0.29%
06/20/2025,3368.1,3350.0,3372.9,3341.0,-0.64%
06/18/2025,3389.8,3385.3,3391.9,3365.1,0.09%
06/17/2025,3386.6,3398.3,3398.3,3376.1,-0.29%
06/16/2025,3396.4,3442.0,3442.0,3385.4,-1.01%
06/13/2025,3431.2,3407.3,3444.0,3407.3,1.49%
06/12/2025,3380.9,3363.0,3395.9,3353.4,1.79%
06/11/2025,3321.3,3328.0,3356.0,3321.3,0.01%
06/10/2025,3320.9,3302.0,3344.3,3302.0,-0.34%
06/09/2025,3332.1,3315.6,3334.6,3290.0,0.28%
06/06/2025,3322.7,3364.3,3364.3,3306.0,-0.84%
06/05/2025,3350.7,3371.5,3400.0,3343.7,-0.68%
06/04/2025,3373.5,3355.0,3380.0,3344.0,0.70%
06/03/2025,3350.2,3385.1,3390.0,3331.3,-0.61%
06/02/2025,3370.6,3296.9,3380.8,3296.9,2.48%
05/30/2025,3288.9,3315.1,3318.0,3270.9,-0.85%
05/29/2025,3317.1,3283.7,3328.8,3242.4,0.71%
05/28/2025,3293.6,3293.6,3293.6,3293.6,-0.17%
05/27/2025,3299.1,3332.5,3341.0,3296.3,-1.92%
05/23/2025,3363.6,3328.0,3363.6,3323.5,2.17%
05/22/2025,3292.3,3327.3,3328.0,3282.7,-0.51%
05/21/2025,3309.3,3293.4,3317.5,3290.2,0.88%
05/20/2025,3280.3,3219.0,3293.2,3207.5,1.59%
05/19/2025,3228.9,3234.4,3241.0,3228.3,1.47%
05/16/2025,3182.0,3227.7,3228.1,3173.9,-1.20%
05/15/2025,3220.7,3151.0,3228.1,3125.0,1.24%
05/14/2025,3181.4,3233.0,3233.0,3171.7,-1.82%
05/13/2025,3240.3,3232.0,3251.4,3223.5,0.63%
05/12/2025,3220.0,3300.7,3300.7,3205.0,-3.46%
05/09/2025,3335.4,3299.0,3335.5,3299.0,1.18%
05/08/2025,3296.6,3390.0,3390.0,3288.7,-2.51%
05/07/2025,3381.4,3418.7,3418.7,3364.7,-0.88%
05/06/2025,3411.4,3365.5,3430.9,3356.8,3.02%
05/05/2025,3311.3,3242.7,3315.7,3239.7,2.46%
05/02/2025,3231.9,3239.9,3257.0,3225.0,0.68%
05/01/2025,3210.0,3272.9,3275.0,3198.6,-2.87%
04/30/2025,3305.0,3318.7,3318.7,3268.0,-0.42%
04/29/2025,3318.8,3340.0,3340.0,3299.9,-0.41%
04/28/2025,3332.5,3284.5,3332.5,3284.5,1.53%
04/25/2025,3282.4,3355.5,3355.5,3266.1,-1.49%
04/24/2025,3332.0,3305.4,3353.9,3304.9,1.70%
04/23/2025,3276.3,3321.2,3370.3,3256.2,-3.66%
04/22/2025,3400.8,3422.2,3485.6,3361.7,-0.16%
04/21/2025,3406.2,3342.2,3418.5,3342.2,2.95%
04/17/2025,3308.7,3345.0,3345.0,3287.8,-0.54%
04/16/2025,3326.6,3238.3,3334.9,3238.3,3.35%
04/15/2025,3218.7,3216.0,3218.7,3214.0,0.43%
04/14/2025,3204.8,3215.5,3228.8,3194.5,-0.54%
04/11/2025,3222.2,3182.1,3235.0,3182.1,2.12%
04/10/2025,3155.2,3073.9,3167.0,3072.1,3.23%
04/09/2025,3056.5,2965.8,3090.4,2965.8,2.97%
04/08/2025,2968.4,2994.0,3014.5,2968.4,0.58%
04/07/2025,2951.3,3016.4,3050.8,2949.7,-2.02%
04/04/2025,3012.0,3110.5,3127.7,3011.0,-2.74%
04/03/2025,3097.0,3150.0,3166.9,3052.0,-1.37%
04/02/2025,3139.9,3120.7,3168.6,3117.4,0.67%
04/01/2025,3118.9,3129.7,3149.5,3104.0,-0.12%
03/31/2025,3122.8,3091.0,3132.5,3086.0,1.18%
03/28/2025,3086.5,3069.7,3094.9,3066.8,0.86%
03/27/2025,3060.2,3025.5,3065.0,3025.5,1.30%
03/26/2025,3020.9,3033.2,3033.2,3019.5,-0.09%
03/25/2025,3023.7,3026.4,3028.8,3023.7,0.35%
03/24/2025,3013.1,3024.3,3024.3,3006.0,-0.17%
03/21/2025,3018.2,3034.5,3037.5,3000.9,-0.72%
03/20/2025,3040.0,3047.3,3047.3,3034.4,0.14%
03/19/2025,3035.9,3035.2,3050.9,3030.9,0.03%
03/18/2025,3035.1,3006.4,3039.2,3004.4,1.17%
03/17/2025,3000.0,2991.0,3001.5,2989.0,0.18%
03/14/2025,2994.5,2994.4,3004.8,2986.0,0.34%
03/13/2025,2984.3,2937.1,2988.0,2935.2,1.54%
03/12/2025,2939.1,2912.0,2939.1,2910.0,0.90%
03/11/2025,2912.9,2884.4,2916.7,2880.4,0.76%
03/10/2025,2891.0,2910.1,2915.1,2880.2,-0.47%
03/07/2025,2904.7,2900.9,2927.3,2900.5,-0.41%
03/06/2025,2916.6,2904.0,2918.6,2903.8,0.04%
03/05/2025,2915.3,2916.7,2922.0,2893.0,0.20%
03/04/2025,2909.6,2886.1,2927.9,2886.1,0.67%
03/03/2025,2890.2,2872.7,2891.8,2863.4,1.88%
02/28/2025,2836.8,2877.1,2877.1,2834.1,-1.61%
02/27/2025,2883.2,2918.5,2922.8,2870.4,-1.15%
02/26/2025,2916.8,2913.5,2917.0,2913.0,0.42%
02/25/2025,2904.5,2938.7,2943.2,2890.0,-1.47%
02/24/2025,2947.9,2933.1,2957.9,2933.1,0.35%
02/21/2025,2937.6,2938.8,2940.0,2917.3,-0.08%
02/20/2025,2940.0,2949.1,2955.8,2924.2,0.71%
02/19/2025,2919.4,2938.7,2946.0,2917.1,-0.42%
02/18/2025,2931.6,2879.2,2936.4,2873.8,1.66%
02/14/2025,2883.6,2937.3,2944.4,2874.8,-1.45%
02/13/2025,2925.9,2911.3,2937.7,2910.6,0.58%
02/12/2025,2909.0,2902.0,2912.3,2868.6,-0.12%
02/11/2025,2912.5,2925.5,2945.4,2890.0,-0.06%
02/10/2025,2914.3,2864.2,2916.1,2863.8,1.64%
02/07/2025,2867.3,2859.9,2889.5,2857.8,0.40%
02/06/2025,2856.0,2865.2,2871.7,2836.3,-0.54%
02/05/2025,2871.6,2850.0,2880.5,2848.0,0.64%
02/04/2025,2853.3,2827.6,2853.3,2816.1,0.68%
02/03/2025,2833.9,2818.2,2848.4,2780.9,0.76%
01/31/2025,2812.5,2829.0,2838.0,2804.0,-0.37%
01/30/2025,2823.0,2772.5,2829.5,2770.0,1.95%
01/29/2025,2769.1,2769.1,2769.1,2769.1,0.08%
01/28/2025,2766.8,2738.0,2766.8,2738.0,1.07%
01/27/2025,2737.5,2761.1,2762.2,2737.5,-1.43%
01/24/2025,2777.3,2759.8,2792.0,2759.8,0.51%
01/23/2025,2763.1,2760.0,2765.0,2745.4,-0.16%
01/22/2025,2767.6,2754.5,2768.8,2753.5,0.46%
01/21/2025,2755.0,2746.0,2755.0,2724.8,0.39%
01/17/2025,2744.3,2736.0,2751.6,2725.5,-0.08%
01/16/2025,2746.4,2731.7,2749.8,2731.7,1.25%
01/15/2025,2712.5,2690.8,2712.5,2690.8,1.31%
01/14/2025,2677.5,2673.6,2688.3,2670.8,0.15%
01/13/2025,2673.5,2711.1,2711.2,2673.5,-1.29%
01/10/2025,2708.5,2686.1,2720.1,2683.7,0.92%
01/09/2025,2683.8,2669.7,2686.3,2667.9,0.72%
01/08/2025,2664.5,2655.5,2676.9,2653.5,0.29%
01/07/2025,2656.7,2653.4,2657.5,2653.0,0.69%
01/06/2025,2638.4,2645.5,2647.0,2617.3,-0.25%
01/03/2025,2645.0,2658.7,2658.7,2641.8,-0.52%
01/02/2025,2658.9,2633.0,2663.1,2633.0,1.13%
12/31/2024,2629.2,2608.4,2629.2,2604.9,0.89%
12/30/2024,2606.1,2620.7,2626.9,2597.0,-0.42%
12/27/2024,2617.2,2617.7,2617.7,2616.4,-0.82%
12/26/2024,2638.8,2628.5,2638.8,2627.9,0.72%
12/24/2024,2620.0,2613.0,2620.0,2609.5,0.29%
12/23/2024,2612.3,2620.0,2627.7,2611.1,-0.62%
12/20/2024,2628.7,2605.3,2631.6,2604.9,1.41%
12/19/2024,2592.2,2582.1,2610.3,2582.1,-1.68%
12/18/2024,2636.5,2644.3,2647.1,2590.2,-0.30%
12/17/2024,2644.4,2651.8,2652.3,2632.5,-0.26%
12/16/2024,2651.4,2658.3,2663.3,2651.0,-0.17%
12/13/2024,2656.0,2688.2,2689.3,2647.9,-1.17%
12/12/2024,2687.5,2725.1,2725.1,2677.4,-1.69%
12/11/2024,2733.8,2701.8,2733.8,2693.1,1.34%
12/10/2024,2697.6,2662.3,2698.2,2661.0,1.23%
12/09/2024,2664.9,2632.1,2677.1,2630.8,1.00%
12/06/2024,2638.6,2620.2,2643.1,2617.5,0.46%
12/05/2024,2626.6,2652.4,2655.0,2625.7,-1.02%
12/04/2024,2653.8,2639.2,2658.3,2637.0,0.34%
12/03/2024,2644.7,2639.0,2654.7,2636.0,0.37%
12/02/2024,2634.9,2649.0,2649.8,2621.7,-0.83%
11/29/2024,2657.0,2636.4,2664.3,2620.7,0.65%
11/27/2024,2639.9,2633.5,2657.9,2627.2,0.75%
11/26/2024,2620.3,2625.6,2625.6,2620.3,0.13%
11/25/2024,2616.8,2689.4,2689.4,2616.8,-3.44%
11/22/2024,2709.9,2687.5,2710.5,2685.6,1.41%
11/21/2024,2672.1,2659.3,2672.1,2655.7,0.90%
11/20/2024,2648.2,2638.5,2648.2,2638.5,0.80%
11/19/2024,2627.1,2621.9,2627.7,2619.3,0.63%
11/18/2024,2610.6,2591.7,2610.7,2589.4,1.75%
11/15/2024,2565.7,2565.7,2565.7,2565.7,-0.10%
11/14/2024,2568.2,2555.1,2576.2,2554.2,-0.49%
11/13/2024,2580.8,2611.1,2611.8,2580.8,-0.74%
11/12/2024,2600.0,2605.5,2605.5,2592.8,-0.43%
11/11/2024,2611.2,2671.7,2671.7,2611.2,-2.84%
11/08/2024,2687.5,2688.5,2694.6,2682.9,-0.40%
11/07/2024,2698.4,2662.5,2699.1,2662.5,1.15%
11/06/2024,2667.6,2734.5,2734.5,2659.4,-2.65%
11/05/2024,2740.3,2743.0,2743.9,2740.3,0.15%
11/04/2024,2736.1,2736.5,2737.1,2736.1,-0.09%
11/01/2024,2738.6,2745.5,2756.0,2734.2,0.01%
10/31/2024,2738.3,2787.4,2787.5,2733.5,-1.80%
10/30/2024,2788.5,2774.6,2789.0,2774.6,0.73%
10/29/2024,2768.4,2768.4,2768.4,2768.4,0.93%
10/28/2024,2742.9,2736.1,2742.9,2729.5,0.07%
10/25/2024,2740.9,2725.5,2742.4,2725.5,0.22%
10/24/2024,2734.9,2729.0,2736.1,2729.0,0.76%
10/23/2024,2714.4,2742.5,2742.5,2714.2,-1.09%
10/22/2024,2744.2,2731.7,2746.0,2728.6,0.77%
10/21/2024,2723.1,2721.9,2738.4,2719.5,0.35%
10/18/2024,2713.7,2713.7,2719.6,2713.7,0.84%
10/17/2024,2691.0,2677.4,2691.7,2677.2,0.64%
10/16/2024,2674.0,2674.0,2674.0,2674.0,0.47%
10/15/2024,2661.4,2661.4,2661.4,2661.4,0.51%
10/14/2024,2647.8,2655.0,2655.3,2647.8,-0.37%
10/11/2024,2657.6,2638.3,2658.1,2638.2,1.41%
10/10/2024,2620.6,2602.5,2628.3,2602.5,0.56%
10/09/2024,2606.0,2603.0,2607.7,2603.0,-0.34%
10/08/2024,2615.0,2639.0,2639.0,2609.3,-1.13%
10/07/2024,2644.8,2648.7,2657.4,2639.0,-0.04%
10/04/2024,2645.8,2656.0,2667.0,2639.0,-0.43%
10/03/2024,2657.1,2642.8,2657.1,2640.0,0.38%
10/02/2024,2647.1,2650.6,2657.2,2640.0,-0.76%
10/01/2024,2667.3,2631.4,2670.9,2631.4,1.18%
09/30/2024,2636.1,2660.9,2662.1,2623.2,-0.31%
09/27/2024,2644.3,2670.0,2672.1,2641.7,-0.96%
09/26/2024,2669.9,2662.3,2669.9,2660.8,0.40%
09/25/2024,2659.2,2656.3,2664.2,2649.3,0.30%
09/24/2024,2651.2,2636.8,2662.3,2625.5,0.94%
09/23/2024,2626.5,2626.5,2626.5,2626.5,0.25%
09/20/2024,2619.9,2590.4,2621.8,2590.4,1.23%
09/19/2024,2588.0,2566.0,2588.0,2566.0,0.67%
09/18/2024,2570.7,2570.7,2570.7,2549.2,0.25%
09/17/2024,2564.3,2581.2,2581.8,2564.3,-0.62%
09/16/2024,2580.4,2580.4,2580.4,2580.4,-0.03%
09/13/2024,2581.3,2568.8,2581.8,2565.0,1.18%
09/12/2024,2551.2,2529.1,2557.0,2523.4,1.56%
09/11/2024,2512.1,2525.8,2525.8,2502.3,-0.01%
09/10/2024,2512.3,2512.3,2512.3,2512.3,0.42%
09/09/2024,2501.8,2491.3,2504.7,2491.3,0.33%
09/06/2024,2493.5,2510.3,2517.9,2483.7,-0.71%
09/05/2024,2511.4,2493.7,2513.3,2493.4,0.72%
09/04/2024,2493.4,2490.9,2493.4,2483.5,0.14%
09/03/2024,2489.9,2501.6,2501.8,2476.3,-0.16%
08/30/2024,2493.8,2519.5,2525.4,2493.8,-1.26%
08/29/2024,2525.7,2504.1,2525.7,2503.9,0.99%
08/28/2024,2501.0,2501.0,2501.0,2501.0,-0.60%
08/27/2024,2516.0,2515.2,2523.1,2506.9,-0.07%
08/26/2024,2517.7,2509.9,2523.1,2509.1,0.37%
08/23/2024,2508.4,2486.5,2508.4,2486.5,1.19%
08/22/2024,2478.9,2504.1,2504.1,2471.1,-1.18%
08/21/2024,2508.4,2511.0,2515.4,2503.9,-0.12%
08/20/2024,2511.3,2503.5,2527.3,2500.7,0.38%
08/19/2024,2501.8,2508.5,2508.5,2487.2,0.13%
08/16/2024,2498.6,2453.5,2508.0,2451.4,1.85%
08/15/2024,2453.1,2451.8,2467.7,2431.2,0.56%
08/14/2024,2439.4,2468.0,2472.1,2439.4,-1.11%
08/13/2024,2466.7,2461.0,2470.0,2456.5,0.17%
08/12/2024,2462.4,2432.7,2469.8,2432.0,1.25%
08/09/2024,2432.1,2422.3,2432.1,2418.5,0.41%
08/08/2024,2422.2,2384.3,2422.8,2384.3,1.33%
08/07/2024,2390.5,2392.2,2401.0,2384.5,0.06%
08/06/2024,2389.1,2414.5,2421.8,2380.0,-0.52%
08/05/2024,2401.7,2442.0,2449.8,2367.4,-0.99%
08/02/2024,2425.7,2444.0,2477.0,2416.0,-0.38%
08/01/2024,2435.0,2446.7,2455.1,2430.4,0.35%
07/31/2024,2426.5,2407.1,2447.6,2402.8,0.89%
07/30/2024,2405.0,2380.9,2409.3,2373.8,1.17%
07/29/2024,2377.3,2377.3,2377.3,2377.3,-0.11%
07/26/2024,2380.0,2368.7,2386.9,2368.7,1.19%
07/25/2024,2351.9,2365.5,2365.5,2351.9,-2.54%
07/24/2024,2413.3,2421.0,2421.0,2411.6,0.36%
07/23/2024,2404.6,2395.8,2404.6,2388.7,0.53%
07/22/2024,2392.0,2402.1,2402.1,2392.0,-0.15%
07/19/2024,2395.5,2418.8,2419.2,2395.5,-2.30%
07/18/2024,2451.8,2466.0,2466.0,2451.8,-0.12%
07/17/2024,2454.8,2472.9,2473.1,2454.8,-0.31%
07/16/2024,2462.4,2427.4,2462.4,2427.4,1.63%
07/15/2024,2422.9,2430.0,2436.0,2422.9,0.37%
07/12/2024,2414.0,2399.8,2414.0,2391.3,-0.04%
07/11/2024,2415.0,2378.7,2416.7,2378.7,1.80%
07/10/2024,2372.2,2366.3,2377.0,2365.8,0.51%
07/09/2024,2360.1,2363.1,2363.7,2360.1,0.21%
07/08/2024,2355.2,2381.7,2383.8,2352.8,-1.39%
07/05/2024,2388.5,2354.9,2388.5,2354.9,1.22%
07/03/2024,2359.8,2330.9,2361.6,2330.9,1.58%
07/02/2024,2323.0,2330.7,2334.6,2323.0,-0.20%
07/01/2024,2327.6,2323.8,2329.7,2321.7,-0.00%
06/28/2024,2327.7,2325.4,2338.3,2319.0,0.14%
06/27/2024,2324.5,2296.8,2329.0,2295.0,1.10%
06/26/2024,2299.2,2307.9,2314.4,2298.0,-0.75%
06/25/2024,2316.6,2324.4,2333.0,2316.6,-0.58%
06/24/2024,2330.0,2323.3,2332.9,2322.7,0.59%
06/21/2024,2316.4,2331.2,2331.2,2316.4,-1.59%
06/20/2024,2353.8,2328.9,2354.0,2328.3,1.00%
06/18/2024,2330.4,2311.8,2330.4,2311.8,0.78%
06/17/2024,2312.4,2320.2,2320.2,2309.6,-0.81%
06/14/2024,2331.4,2307.0,2331.4,2305.8,1.36%
06/13/2024,2300.2,2309.4,2317.7,2296.2,-1.53%
06/12/2024,2336.0,2314.9,2338.7,2310.3,1.24%
06/11/2024,2307.5,2300.0,2314.1,2300.0,-0.01%
06/10/2024,2307.7,2290.6,2309.3,2290.5,0.11%
06/07/2024,2305.2,2379.9,2385.1,2285.4,-2.75%
06/06/2024,2370.3,2355.0,2375.8,2355.0,0.69%
06/05/2024,2354.1,2326.4,2354.3,2326.2,1.23%
06/04/2024,2325.5,2347.5,2347.7,2313.9,-0.90%
06/03/2024,2346.6,2322.6,2347.5,2312.0,1.02%
05/31/2024,2322.9,2344.1,2354.0,2319.0,-0.85%
05/30/2024,2342.9,2336.9,2349.5,2320.8,0.11%
05/29/2024,2340.3,2340.3,2340.3,2340.3,-0.63%
05/28/2024,2355.2,2336.9,2359.7,2336.9,0.97%
05/24/2024,2332.5,2342.6,2345.4,2332.5,-0.11%
05/23/2024,2335.0,2371.2,2371.2,2335.0,-2.27%
05/22/2024,2389.2,2417.5,2417.6,2375.8,-1.34%
05/21/2024,2421.7,2429.5,2429.5,2421.0,-0.50%
05/20/2024,2433.9,2415.8,2435.8,2409.7,0.90%
05/17/2024,2412.2,2380.7,2415.8,2380.7,1.35%
05/16/2024,2380.0,2389.5,2392.2,2380.0,-0.36%
05/15/2024,2388.7,2361.6,2388.7,2356.0,1.50%
05/14/2024,2353.4,2336.0,2358.0,2336.0,0.74%
05/13/2024,2336.1,2358.3,2358.3,2336.1,-1.32%
05/10/2024,2367.3,2367.3,2367.3,2367.3,1.51%
05/09/2024,2332.1,2310.7,2339.5,2310.7,0.80%
05/08/2024,2313.6,2313.6,2313.6,2313.6,-0.07%
05/07/2024,2315.2,2324.3,2324.3,2315.2,-0.28%
05/06/2024,2321.6,2322.8,2325.5,2314.2,0.98%
05/03/2024,2299.0,2300.0,2301.0,2277.6,-0.01%
05/02/2024,2299.2,2321.7,2324.7,2292.3,-0.03%
05/01/2024,2299.9,2287.7,2327.3,2283.8,0.37%
04/30/2024,2291.4,2322.5,2322.5,2291.4,-2.30%
04/29/2024,2345.4,2334.8,2345.5,2327.9,0.45%
04/26/2024,2334.8,2347.9,2347.9,2332.8,0.21%
04/25/2024,2329.8,2315.0,2329.8,2305.0,0.23%
04/24/2024,2324.5,2321.3,2328.7,2314.6,-0.14%
04/23/2024,2327.7,2327.7,2330.8,2294.2,-0.19%
04/22/2024,2332.2,2383.3,2383.3,2326.9,-2.76%
04/19/2024,2398.4,2379.3,2399.8,2377.3,0.68%
04/18/2024,2382.3,2368.4,2384.4,2368.4,0.45%
04/17/2024,2371.7,2384.2,2391.4,2369.3,-0.80%
04/16/2024,2390.8,2384.0,2390.8,2371.4,1.06%
04/15/2024,2365.8,2362.1,2384.7,2326.0,0.41%
04/12/2024,2356.2,2377.3,2429.0,2334.3,0.06%
04/11/2024,2354.8,2341.5,2376.3,2330.6,1.08%
04/10/2024,2329.6,2346.6,2358.1,2327.7,-0.59%
04/09/2024,2343.5,2337.8,2364.7,2337.8,0.51%
04/08/2024,2331.7,2325.6,2341.8,2319.0,0.26%
04/05/2024,2325.7,2289.2,2328.4,2267.4,1.61%
04/04/2024,2288.8,2301.7,2302.9,2280.0,-0.24%
04/03/2024,2294.4,2281.7,2298.8,2267.9,1.48%
04/02/2024,2261.0,2252.0,2279.2,2247.6,1.10%
04/01/2024,2236.5,2235.7,2264.2,2230.0,0.86%
03/28/2024,2217.4,2193.6,2234.1,2187.1,1.22%
03/27/2024,2190.6,2179.4,2196.2,2172.1,0.69%
03/26/2024,2175.6,2182.7,2182.7,2175.6,0.04%
03/25/2024,2174.8,2166.2,2179.4,2166.2,0.77%
03/22/2024,2158.1,2179.2,2179.6,2157.5,-1.11%
03/21/2024,2182.4,2207.0,2211.6,2182.4,1.14%
03/20/2024,2157.9,2157.3,2185.9,2150.9,0.07%
03/19/2024,2156.3,2156.1,2156.3,2156.1,-0.20%
03/18/2024,2160.7,2146.2,2160.7,2146.2,0.16%
03/15/2024,2157.3,2161.7,2161.7,2157.3,-0.26%
03/14/2024,2163.0,2163.0,2163.0,2162.3,-0.57%
03/13/2024,2175.4,2162.5,2175.4,2162.5,0.69%
03/12/2024,2160.4,2182.5,2182.7,2160.4,-1.01%
03/11/2024,2182.5,2181.0,2184.0,2177.2,0.18%
03/08/2024,2178.6,2167.3,2194.9,2166.3,0.95%
03/07/2024,2158.0,2147.0,2163.0,2147.0,0.36%
03/06/2024,2150.3,2125.5,2150.3,2125.5,0.79%
03/05/2024,2133.5,2114.9,2133.5,2111.4,0.75%
03/04/2024,2117.7,2083.6,2119.8,2080.7,1.48%
03/01/2024,2086.9,2043.1,2086.9,2041.8,2.01%
02/29/2024,2045.7,2034.3,2049.8,2034.3,0.62%
02/28/2024,2033.0,2029.5,2037.0,2024.8,-0.05%
02/27/2024,2034.0,2035.9,2035.9,2034.0,0.27%
02/26/2024,2028.5,2034.1,2035.4,2024.8,-0.50%
02/23/2024,2038.6,2026.0,2038.6,2014.9,0.94%
02/22/2024,2019.7,2033.2,2033.2,2019.7,-0.13%
02/21/2024,2022.3,2028.2,2028.2,2022.3,-0.26%
02/20/2024,2027.5,2015.6,2029.0,2015.6,0.80%
02/16/2024,2011.5,2005.0,2011.5,1996.5,0.47%
02/15/2024,2002.1,1993.6,2007.2,1993.6,0.59%
02/14/2024,1990.3,1990.3,1993.5,1984.8,-0.13%
02/13/2024,1992.9,2025.1,2025.8,1990.0,-1.25%
02/12/2024,2018.2,2025.5,2025.5,2011.6,-0.25%
02/09/2024,2023.3,2032.0,2032.0,2020.0,-0.44%
02/08/2024,2032.2,2028.0,2036.7,2020.3,-0.15%
02/07/2024,2035.2,2032.8,2039.5,2032.7,0.03%
02/06/2024,2034.5,2025.9,2037.3,2025.9,0.43%
02/05/2024,2025.7,2038.9,2040.8,2013.8,-0.51%
02/02/2024,2036.1,2054.8,2055.9,2027.7,-0.82%
02/01/2024,2053.0,2040.2,2064.5,2029.0,0.22%
01/31/2024,2048.4,2035.4,2055.0,2030.0,0.83%
01/30/2024,2031.5,2032.5,2048.5,2028.1,0.31%
01/29/2024,2025.2,2025.2,2025.2,2025.2,0.42%
01/26/2024,2016.8,2021.7,2022.4,2016.8,-0.00%
01/25/2024,2016.9,2012.1,2022.4,2012.1,0.15%
01/24/2024,2013.9,2023.2,2033.2,2013.9,-0.48%
01/23/2024,2023.7,2030.3,2030.3,2022.5,0.19%
01/22/2024,2019.8,2021.3,2021.3,2019.8,-0.33%
01/19/2024,2026.5,2023.2,2036.0,2019.5,0.39%
01/18/2024,2018.6,2012.8,2018.6,2009.5,0.80%
01/17/2024,2002.6,2026.5,2026.5,2002.6,-1.15%
01/16/2024,2026.0,2051.7,2054.8,2026.0,-1.01%
01/12/2024,2046.7,2031.1,2057.0,2031.1,1.61%
01/11/2024,2014.3,2025.1,2025.1,2014.3,-0.37%
01/10/2024,2021.7,2029.0,2035.6,2021.7,-0.23%
01/09/2024,2026.4,2035.8,2035.8,2026.4,-0.01%
01/08/2024,2026.6,2019.1,2033.7,2019.1,-0.77%
01/05/2024,2042.4,2044.5,2048.1,2042.4,0.00%
01/04/2024,2042.3,2041.6,2044.5,2038.0,0.40%
01/03/2024,2034.2,2034.2,2044.0,2034.2,-1.46%
01/02/2024,2064.4,2063.5,2073.7,2057.1,0.10%
12/29/2023,2062.4,2068.0,2068.9,2062.1,-0.55%
12/28/2023,2073.9,2081.6,2087.3,2066.5,-0.38%
12/27/2023,2081.9,2067.3,2081.9,2064.8,1.15%
12/26/2023,2058.2,2060.0,2060.8,2054.2,0.05%
12/22/2023,2057.1,2055.7,2068.7,2052.2,0.88%
12/21/2023,2039.1,2035.8,2044.5,2033.0,0.23%
12/20/2023,2034.5,2037.1,2037.1,2030.3,-0.19%
12/19/2023,2038.4,2025.2,2042.7,2025.2,0.60%
12/18/2023,2026.3,2024.3,2032.8,2024.0,0.26%
12/15/2023,2021.1,2032.6,2043.4,2018.3,-0.45%
12/14/2023,2030.2,2024.7,2040.1,2024.3,2.42%
12/13/2023,1982.3,1978.5,2024.8,1975.0,0.23%
12/12/2023,1977.8,1984.2,1994.2,1977.8,-0.01%
12/11/2023,1978.0,2004.1,2004.2,1977.2,-1.02%
12/08/2023,1998.3,2031.7,2033.1,1995.0,-1.56%
12/07/2023,2029.9,2029.2,2034.9,2024.0,-0.03%
12/06/2023,2030.5,2019.9,2035.8,2019.0,0.59%
12/05/2023,2018.5,2035.1,2037.0,2010.2,-0.28%
12/04/2023,2024.1,2075.3,2130.2,2021.0,-2.26%
12/01/2023,2071.0,2038.3,2073.2,2036.0,1.61%
11/30/2023,2038.1,2046.1,2047.1,2033.1,-0.44%
11/29/2023,2047.1,2041.7,2052.1,2036.0,0.36%
11/28/2023,2039.7,2040.6,2042.7,2039.7,1.39%
11/27/2023,2011.8,2011.7,2011.8,2011.7,0.48%
11/24/2023,2002.2,1991.9,2002.2,1991.5,0.54%
11/22/2023,1991.4,1999.1,1999.4,1991.0,-0.40%
11/21/2023,1999.3,1990.7,2005.5,1988.5,1.09%
11/20/2023,1977.7,1978.7,1979.4,1969.7,-0.20%
11/17/2023,1981.6,1982.5,1984.0,1979.8,-0.12%
11/16/2023,1983.9,1965.3,1983.9,1964.6,1.21%
11/15/2023,1960.1,1962.8,1962.8,1960.0,-0.09%
11/14/2023,1961.8,1965.8,1965.8,1961.8,0.84%
11/13/2023,1945.5,1939.9,1947.2,1934.0,0.67%
11/10/2023,1932.6,1959.6,1959.6,1932.6,-1.61%
11/09/2023,1964.2,1951.7,1964.2,1945.3,0.65%
11/08/2023,1951.5,1967.8,1967.8,1947.7,-0.78%
11/07/2023,1966.8,1966.5,1966.8,1960.7,-0.75%
11/06/2023,1981.6,1981.6,1981.6,1977.4,-0.50%
11/03/2023,1991.5,1989.0,1991.5,1989.0,0.30%
11/02/2023,1985.6,1989.1,1990.3,1979.5,0.34%
11/01/2023,1978.8,1990.5,1990.5,1977.8,-0.32%
10/31/2023,1985.2,1996.5,2001.0,1983.7,-0.55%
10/30/2023,1996.2,2004.1,2004.1,1992.5,0.38%
10/27/2023,1988.6,1988.6,1988.6,1988.6,0.07%
10/26/2023,1987.2,1988.2,1988.2,1980.4,0.16%
10/25/2023,1984.1,1971.2,1985.3,1971.2,0.46%
10/24/2023,1975.0,1970.3,1975.0,1970.3,-0.07%
10/23/2023,1976.3,1976.2,1978.9,1972.9,-0.31%
10/20/2023,1982.5,1981.1,1988.6,1980.4,0.72%
10/19/2023,1968.4,1950.1,1977.7,1945.7,0.67%
10/18/2023,1955.3,1935.0,1957.9,1935.0,1.70%
10/17/2023,1922.7,1914.3,1925.8,1914.3,0.08%
10/16/2023,1921.1,1910.4,1921.1,1910.3,-0.33%
10/13/2023,1927.4,1877.5,1930.1,1877.5,3.11%
10/12/2023,1869.3,1874.7,1881.2,1867.0,-0.19%
10/11/2023,1872.8,1869.5,1874.6,1869.1,0.63%
10/10/2023,1861.0,1857.0,1861.4,1852.8,0.62%
10/09/2023,1849.5,1842.5,1861.5,1842.5,1.05%
10/06/2023,1830.2,1819.0,1831.8,1809.4,0.75%
10/05/2023,1816.6,1826.3,1826.3,1815.6,-0.10%
10/04/2023,1818.5,1821.8,1828.2,1816.4,-0.33%
10/03/2023,1824.6,1825.0,1830.9,1816.8,-0.30%
10/02/2023,1830.0,1844.1,1845.9,1826.7,-0.98%
09/29/2023,1848.1,1864.3,1872.3,1846.0,-0.66%
09/28/2023,1860.4,1875.5,1878.2,1856.7,-0.60%
09/27/2023,1871.6,1871.6,1871.6,1871.6,-1.52%
09/26/2023,1900.4,1905.0,1905.1,1900.4,-0.85%
09/25/2023,1916.6,1916.6,1916.6,1916.6,-0.46%
09/22/2023,1925.4,1925.4,1925.4,1925.4,0.32%
09/21/2023,1919.2,1924.0,1924.0,1919.2,-1.36%
09/20/2023,1945.6,1945.6,1945.6,1929.2,0.70%
09/19/2023,1932.0,1934.0,1934.0,1932.0,0.03%
09/18/2023,1931.5,1928.2,1931.5,1926.4,0.41%
09/15/2023,1923.7,1923.5,1927.3,1923.5,0.72%
09/14/2023,1910.0,1903.0,1910.0,1903.0,0.05%
09/13/2023,1909.1,1910.3,1914.6,1908.9,-0.12%
09/12/2023,1911.3,1920.8,1920.8,1911.3,-0.62%
09/11/2023,1923.3,1923.0,1928.3,1921.8,0.26%
09/08/2023,1918.4,1924.0,1924.7,1918.4,0.05%
09/07/2023,1917.5,1917.6,1921.5,1917.5,-0.03%
09/06/2023,1918.1,1924.1,1925.3,1916.3,-0.42%
09/05/2023,1926.2,1934.4,1934.4,1924.7,-0.70%
09/01/2023,1939.8,1950.0,1950.0,1936.6,0.08%
08/31/2023,1938.2,1944.4,1944.4,1938.2,-0.31%
08/30/2023,1944.3,1936.0,1946.4,1934.6,0.40%
08/29/2023,1936.5,1917.9,1936.5,1916.9,0.97%
08/28/2023,1917.9,1915.5,1921.5,1915.5,0.36%
08/25/2023,1911.1,1919.8,1919.8,1911.1,-0.37%
08/24/2023,1918.2,1920.0,1920.8,1918.2,-0.02%
08/23/2023,1918.5,1909.6,1918.5,1909.6,1.17%
08/22/2023,1896.4,1894.6,1896.8,1892.8,0.16%
08/21/2023,1893.3,1893.6,1893.6,1893.3,0.38%
08/18/2023,1886.1,1891.8,1891.8,1886.1,0.11%
08/17/2023,1884.1,1893.7,1902.4,1884.0,-0.63%
08/16/2023,1896.1,1904.5,1904.5,1890.3,-0.34%
08/15/2023,1902.5,1906.0,1907.7,1895.0,-0.42%
08/14/2023,1910.6,1909.3,1912.6,1903.3,-0.12%
08/11/2023,1912.9,1913.0,1916.6,1911.8,-0.08%
08/10/2023,1914.4,1921.1,1927.8,1911.4,-0.05%
08/09/2023,1915.4,1925.4,1928.8,1913.7,-0.45%
08/08/2023,1924.1,1931.7,1933.2,1923.0,-0.49%
08/07/2023,1933.5,1941.0,1941.0,1929.8,-0.31%
08/04/2023,1939.6,1934.9,1945.0,1920.0,0.39%
08/03/2023,1932.0,1934.2,1936.5,1928.0,-0.28%
08/02/2023,1937.4,1948.4,1953.6,1933.2,-0.17%
08/01/2023,1940.7,1964.9,1965.4,1940.7,-1.51%
07/31/2023,1970.5,1959.2,1971.6,1950.0,0.52%
07/28/2023,1960.4,1945.5,1962.2,1944.2,0.77%
07/27/2023,1945.4,1945.4,1945.4,1945.4,-1.19%
07/26/2023,1968.9,1966.2,1972.0,1966.2,0.35%
07/25/2023,1962.1,1953.0,1962.5,1953.0,0.09%
07/24/2023,1960.3,1965.3,1965.5,1960.3,-0.20%
07/21/2023,1964.3,1961.8,1964.3,1961.8,-0.20%
07/20/2023,1968.3,1973.7,1973.7,1965.6,-0.47%
07/19/2023,1977.5,1977.0,1977.5,1973.0,0.02%
07/18/2023,1977.2,1968.8,1978.4,1963.4,1.27%
07/17/2023,1952.4,1954.0,1956.5,1946.6,-0.39%
07/14/2023,1960.1,1958.4,1960.6,1952.7,0.05%
07/13/2023,1959.2,1961.1,1961.1,1953.0,0.15%
07/12/2023,1956.2,1932.3,1958.0,1932.2,1.29%
07/11/2023,1931.3,1925.0,1937.0,1924.2,0.33%
07/10/2023,1925.0,1923.6,1926.1,1912.3,-0.06%
07/07/2023,1926.2,1913.4,1934.1,1913.4,0.92%
07/06/2023,1908.7,1909.3,1910.2,1903.2,-0.57%
07/05/2023,1919.6,1923.5,1933.9,1914.7,-0.11%
07/03/2023,1921.7,1917.9,1929.5,1917.9,0.03%
06/30/2023,1921.1,1908.6,1921.1,1900.6,0.62%
06/29/2023,1909.2,1909.9,1909.9,1892.5,-0.16%
06/28/2023,1912.3,1912.3,1912.3,1912.3,-0.09%
06/27/2023,1914.0,1927.0,1929.4,1914.0,-0.50%
06/26/2023,1923.7,1922.9,1928.5,1922.5,0.24%
06/23/2023,1919.1,1918.7,1932.5,1918.7,0.33%
06/22/2023,1912.7,1920.0,1921.0,1912.1,-1.07%
06/21/2023,1933.3,1935.6,1936.8,1920.0,-0.11%
06/20/2023,1935.5,1958.6,1958.6,1931.3,-1.17%
06/16/2023,1958.4,1961.4,1962.9,1953.5,0.03%
06/15/2023,1957.8,1941.7,1958.8,1926.0,0.13%
06/14/2023,1955.3,1946.2,1958.2,1940.3,0.55%
06/13/2023,1944.6,1960.6,1967.5,1940.3,-0.55%
06/12/2023,1955.3,1959.7,1963.5,1951.4,-0.35%
06/09/2023,1962.2,1965.1,1969.8,1960.3,-0.07%
06/08/2023,1963.6,1943.2,1969.0,1943.1,1.08%
06/07/2023,1942.7,1959.0,1968.4,1940.7,-1.16%
06/06/2023,1965.5,1960.8,1965.5,1958.8,0.38%
06/05/2023,1958.0,1947.5,1961.9,1937.8,0.29%
06/02/2023,1952.4,1977.1,1982.5,1947.4,-1.29%
06/01/2023,1978.0,1963.2,1983.0,1954.3,0.72%
05/31/2023,1963.9,1958.2,1973.0,1953.0,0.30%
05/30/2023,1958.0,1942.7,1962.6,1931.0,0.71%
05/26/2023,1944.1,1948.2,1948.4,1944.1,0.05%
05/25/2023,1943.1,1943.1,1943.1,1943.1,-1.00%
05/24/2023,1962.8,1975.4,1975.4,1962.8,-0.49%
05/23/2023,1972.4,1972.4,1972.4,1972.4,-0.12%
05/22/2023,1974.8,1980.5,1980.5,1974.8,-0.20%
05/19/2023,1978.7,1960.0,1978.7,1960.0,1.13%
05/18/2023,1956.5,1956.5,1956.8,1956.5,-1.22%
05/17/2023,1980.7,1983.6,1983.6,1980.7,-0.39%
05/16/2023,1988.4,1988.4,1988.4,1988.4,-1.47%
05/15/2023,2018.0,2013.8,2018.0,2013.8,0.17%
05/12/2023,2014.5,2014.5,2014.5,2014.5,-0.01%
05/11/2023,2014.7,2034.1,2038.3,2014.0,-0.78%
05/10/2023,2030.5,2032.3,2044.3,2029.5,-0.28%
05/09/2023,2036.2,2026.6,2037.3,2025.9,0.49%
05/08/2023,2026.3,2022.5,2026.3,2022.5,0.44%
05/05/2023,2017.4,2046.4,2046.4,2004.3,-1.49%
05/04/2023,2048.0,2045.0,2072.0,2040.0,0.96%
05/03/2023,2028.6,2017.1,2035.1,2015.2,0.71%
05/02/2023,2014.3,1994.7,2018.0,1994.7,1.56%
05/01/2023,1983.4,1980.1,2005.0,1976.9,-0.34%
04/28/2023,1990.1,1986.9,1990.1,1977.7,0.01%
04/27/2023,1989.9,1990.6,2002.3,1979.9,0.21%
04/26/2023,1985.7,1997.8,1998.8,1985.6,-0.42%
04/25/2023,1994.0,1995.7,1999.1,1982.3,0.25%
04/24/2023,1989.1,1981.3,1989.8,1977.4,0.48%
04/21/2023,1979.5,1996.2,1996.2,1974.1,-1.40%
04/20/2023,2007.6,1998.0,2007.6,1998.0,0.62%
04/19/2023,1995.2,2005.7,2006.4,1969.8,-0.61%
04/18/2023,2007.4,1996.9,2007.4,1996.9,0.66%
04/17/2023,1994.2,2002.7,2007.6,1983.2,-0.40%
04/14/2023,2002.2,2041.0,2047.8,1995.0,-1.92%
04/13/2023,2041.3,2015.6,2048.6,2015.6,1.51%
04/12/2023,2010.9,2005.2,2025.7,2005.2,0.30%
04/11/2023,2004.8,1991.4,2006.5,1991.4,0.79%
04/10/2023,1989.1,2000.0,2006.6,1984.0,-1.13%
04/06/2023,2011.9,2022.2,2023.3,2005.0,-0.45%
04/05/2023,2020.9,2022.1,2033.8,2013.6,-0.06%
04/04/2023,2022.2,1984.6,2027.1,1979.0,1.93%
04/03/2023,1983.9,1968.1,1991.7,1950.0,0.76%
03/31/2023,1969.0,1981.3,1986.8,1968.0,-0.57%
03/30/2023,1980.3,1965.9,1984.4,1954.9,0.72%
03/29/2023,1966.1,1966.1,1966.1,1966.1,-0.32%
03/28/2023,1972.4,1972.4,1972.4,1972.4,1.02%
03/27/2023,1952.4,1957.2,1957.2,1952.4,-1.50%
03/24/2023,1982.1,1991.7,1995.4,1982.1,-0.59%
03/23/2023,1993.8,1990.5,1994.6,1990.5,2.41%
03/22/2023,1946.8,1946.8,1974.0,1946.8,0.45%
03/21/2023,1938.0,1973.8,1973.8,1938.0,-2.08%
03/20/2023,1979.2,1988.3,2003.9,1968.9,0.48%
03/17/2023,1969.8,1946.0,1985.1,1946.0,2.65%
03/16/2023,1919.0,1909.9,1931.7,1909.9,-0.39%
03/15/2023,1926.6,1903.9,1926.6,1898.5,1.07%
03/14/2023,1906.2,1912.2,1912.2,1901.1,-0.29%
03/13/2023,1911.7,1890.8,1913.1,1875.1,2.67%
03/10/2023,1862.0,1852.3,1868.5,1852.0,1.79%
03/09/2023,1829.3,1816.4,1829.3,1815.6,0.92%
03/08/2023,1812.7,1811.6,1812.9,1811.5,-0.07%
03/07/2023,1813.9,1840.9,1840.9,1813.9,-1.84%
03/06/2023,1847.9,1853.3,1853.8,1844.2,0.01%
03/03/2023,1847.7,1837.3,1855.4,1837.3,0.77%
03/02/2023,1833.5,1830.0,1836.3,1830.0,-0.23%
03/01/2023,1837.7,1827.1,1841.7,1827.1,0.48%
02/28/2023,1828.9,1808.1,1830.0,1808.1,0.65%
02/27/2023,1817.0,1811.6,1817.5,1808.9,0.45%
02/24/2023,1808.8,1808.8,1808.8,1808.8,-0.51%
02/23/2023,1818.0,1826.4,1827.5,1818.0,-0.76%
02/22/2023,1832.0,1835.7,1836.2,1825.1,-0.05%
02/21/2023,1833.0,1842.6,1843.0,1833.0,-0.40%
02/17/2023,1840.4,1827.4,1842.2,1818.4,-0.09%
02/16/2023,1842.0,1838.6,1843.7,1827.2,0.43%
02/15/2023,1834.2,1842.0,1842.0,1828.2,-1.07%
02/14/2023,1854.0,1854.1,1862.0,1846.2,0.11%
02/13/2023,1851.9,1859.0,1861.0,1850.0,-0.59%
02/10/2023,1862.8,1861.6,1863.5,1852.4,-0.18%
02/09/2023,1866.2,1875.3,1884.6,1859.8,-0.60%
02/08/2023,1877.4,1872.1,1880.4,1872.1,0.30%
02/07/2023,1871.7,1870.0,1875.7,1868.0,0.29%
02/06/2023,1866.2,1865.6,1880.0,1863.4,0.18%
02/03/2023,1862.9,1912.4,1917.0,1861.5,-2.79%
02/02/2023,1916.3,1952.3,1959.1,1911.3,-0.60%
02/01/2023,1927.8,1927.2,1955.0,1922.0,-0.09%
01/31/2023,1929.5,1923.0,1930.4,1900.6,0.34%
01/30/2023,1922.9,1928.3,1933.6,1920.3,-0.30%
01/27/2023,1928.6,1928.6,1928.6,1928.6,-0.03%
01/26/2023,1929.1,1936.6,1937.1,1927.1,-0.62%
01/25/2023,1941.2,1941.2,1941.2,1939.8,0.38%
01/24/2023,1933.9,1931.8,1936.8,1931.8,0.35%
01/23/2023,1927.1,1926.5,1927.1,1915.0,0.04%
01/20/2023,1926.4,1922.1,1928.5,1921.4,0.22%
01/19/2023,1922.1,1922.1,1931.8,1922.1,0.93%
01/18/2023,1904.4,1911.1,1911.1,1903.1,-0.15%
01/17/2023,1907.2,1920.1,1920.1,1905.2,-0.58%
01/13/2023,1918.4,1899.0,1920.9,1898.3,1.21%
01/12/2023,1895.5,1877.2,1897.4,1877.2,1.11%
01/11/2023,1874.6,1873.1,1877.8,1873.1,0.16%
01/10/2023,1871.6,1877.8,1878.1,1871.6,-0.06%
01/09/2023,1872.7,1867.0,1880.0,1867.0,0.46%
01/06/2023,1864.2,1838.4,1868.2,1835.3,1.60%
01/05/2023,1834.8,1855.2,1855.2,1834.8,-0.97%
01/04/2023,1852.8,1845.6,1859.1,1845.6,0.71%
01/03/2023,1839.7,1836.2,1839.7,1836.2,1.10%
12/30/2022,1819.7,1817.0,1822.3,1816.8,0.01%
12/29/2022,1819.5,1805.8,1819.5,1805.8,0.64%
12/28/2022,1807.9,1803.2,1807.9,1803.1,-0.38%
12/27/2022,1814.8,1803.4,1826.3,1803.4,1.05%
12/23/2022,1795.9,1794.3,1802.8,1794.1,0.50%
12/22/2022,1787.0,1818.1,1818.1,1785.0,-1.59%
12/21/2022,1815.9,1817.4,1821.4,1814.4,0.00%
12/20/2022,1815.9,1786.5,1821.4,1786.5,1.58%
12/19/2022,1787.7,1791.6,1796.3,1785.6,-0.13%
12/16/2022,1790.0,1777.9,1791.4,1777.9,0.72%
12/15/2022,1777.2,1801.0,1801.0,1774.8,-1.68%
12/14/2022,1807.5,1810.8,1812.8,1797.9,-0.35%
12/13/2022,1813.9,1780.7,1819.8,1780.5,1.88%
12/12/2022,1780.5,1787.3,1793.9,1777.7,-0.98%
12/09/2022,1798.1,1794.9,1804.3,1791.1,0.53%
12/08/2022,1788.7,1782.0,1790.9,1782.0,0.18%
12/07/2022,1785.5,1769.3,1790.3,1769.3,0.92%
12/06/2022,1769.3,1768.6,1779.4,1767.9,0.11%
12/05/2022,1767.4,1795.7,1808.0,1764.3,-1.59%
12/02/2022,1795.9,1802.0,1802.3,1779.4,-0.29%
12/01/2022,1801.1,1768.7,1803.7,1768.7,3.16%
11/30/2022,1746.0,1748.1,1769.4,1745.1,-0.14%
11/29/2022,1748.4,1739.5,1758.2,1737.9,0.48%
11/28/2022,1740.1,1741.3,1741.3,1740.1,-0.75%
11/25/2022,1753.3,1753.0,1757.9,1749.2,0.48%
11/23/2022,1744.9,1736.5,1750.9,1736.5,0.38%
11/22/2022,1738.3,1741.7,1741.7,1738.3,0.05%
11/21/2022,1737.4,1739.0,1744.9,1736.1,-0.83%
11/18/2022,1751.9,1763.3,1763.3,1747.6,-0.51%
11/17/2022,1760.8,1763.0,1763.0,1756.0,-0.69%
11/16/2022,1773.0,1776.6,1778.9,1773.0,-0.05%
11/15/2022,1773.8,1770.8,1773.8,1769.9,0.01%
11/14/2022,1773.6,1762.0,1773.6,1761.6,0.43%
11/11/2022,1766.0,1763.8,1766.0,1757.6,0.90%
11/10/2022,1750.3,1708.2,1750.3,1708.2,2.35%
11/09/2022,1710.1,1707.4,1720.2,1706.0,-0.12%
11/08/2022,1712.1,1703.2,1712.1,1703.2,2.12%
11/07/2022,1676.5,1676.9,1677.9,1672.9,0.24%
11/04/2022,1672.5,1630.2,1674.5,1629.0,2.78%
11/03/2022,1627.3,1629.2,1629.2,1615.1,-1.12%
11/02/2022,1645.7,1650.8,1664.7,1634.0,0.04%
11/01/2022,1645.0,1630.8,1653.7,1630.8,0.56%
10/31/2022,1635.9,1641.8,1641.8,1633.4,-0.23%
10/28/2022,1639.6,1661.0,1661.0,1638.7,-1.27%
10/27/2022,1660.7,1660.7,1660.7,1660.7,-0.20%
10/26/2022,1664.0,1649.8,1667.0,1649.8,0.68%
10/25/2022,1652.8,1648.2,1652.8,1637.3,0.25%
10/24/2022,1648.7,1662.7,1662.7,1648.7,-0.14%
10/21/2022,1651.0,1634.1,1653.9,1634.1,1.24%
10/20/2022,1630.8,1622.8,1641.4,1622.8,0.20%
10/19/2022,1627.5,1637.5,1637.5,1627.5,-1.30%
10/18/2022,1649.0,1651.4,1655.2,1649.0,-0.48%
10/17/2022,1657.0,1650.2,1657.0,1646.8,0.93%
10/14/2022,1641.7,1665.3,1667.0,1640.0,-1.69%
10/13/2022,1670.0,1675.2,1675.3,1641.5,-0.02%
10/12/2022,1670.3,1668.0,1672.7,1668.0,-0.50%
10/11/2022,1678.7,1661.8,1678.7,1661.0,0.68%
10/10/2022,1667.3,1693.4,1693.4,1667.0,-1.95%
10/07/2022,1700.5,1710.1,1710.1,1693.7,-0.65%
10/06/2022,1711.7,1721.0,1723.3,1709.1,0.02%
10/05/2022,1711.4,1724.1,1726.6,1703.0,-0.56%
10/04/2022,1721.1,1701.2,1728.0,1696.0,1.67%
10/03/2022,1692.9,1667.2,1700.0,1661.9,1.83%
09/30/2022,1662.4,1661.7,1672.7,1658.0,0.24%
09/29/2022,1658.5,1657.0,1662.6,1640.0,-0.11%
09/28/2022,1660.4,1620.4,1660.4,1620.4,2.07%
09/27/2022,1626.7,1632.2,1636.6,1626.7,0.21%
09/26/2022,1623.3,1623.3,1623.3,1623.3,-1.34%
09/23/2022,1645.3,1667.0,1667.0,1645.3,-1.53%
09/22/2022,1670.8,1668.3,1670.8,1668.3,0.37%
09/21/2022,1664.6,1665.5,1680.1,1664.6,0.30%
09/20/2022,1659.7,1659.7,1659.7,1659.7,-0.39%
09/19/2022,1666.2,1661.8,1669.4,1658.5,-0.33%
09/16/2022,1671.7,1660.4,1674.9,1651.7,0.38%
09/15/2022,1665.4,1685.5,1686.0,1662.3,-1.83%
09/14/2022,1696.5,1698.7,1701.8,1696.5,-0.50%
09/13/2022,1705.0,1720.5,1720.5,1697.3,-1.34%
09/12/2022,1728.1,1727.4,1728.1,1727.4,0.69%
09/09/2022,1716.2,1719.2,1720.0,1712.8,0.48%
09/08/2022,1708.0,1718.2,1718.2,1705.3,-0.43%
09/07/2022,1715.3,1694.8,1715.3,1694.7,0.88%
09/06/2022,1700.4,1709.7,1717.4,1699.7,-0.55%
09/02/2022,1709.8,1703.4,1715.7,1703.1,0.78%
09/01/2022,1696.6,1707.9,1707.9,1693.9,-0.95%
08/31/2022,1712.8,1718.3,1720.9,1708.5,-0.60%
08/30/2022,1723.2,1736.4,1739.0,1720.7,-0.77%
08/29/2022,1736.6,1732.4,1741.2,1732.1,0.03%
08/26/2022,1736.1,1754.0,1755.0,1736.1,-1.23%
08/25/2022,1757.7,1761.6,1761.8,1755.0,0.57%
08/24/2022,1747.8,1745.0,1751.8,1743.6,0.06%
08/23/2022,1746.8,1738.0,1748.9,1731.9,0.74%
08/22/2022,1734.0,1740.5,1740.5,1726.5,-0.78%
08/19/2022,1747.6,1753.7,1754.3,1747.5,-0.44%
08/18/2022,1755.3,1762.9,1762.9,1753.4,-0.28%
08/17/2022,1760.3,1769.7,1769.7,1760.0,-0.73%
08/16/2022,1773.2,1777.4,1777.4,1771.4,-0.46%
08/15/2022,1781.4,1799.0,1799.0,1774.7,-0.96%
08/12/2022,1798.6,1786.3,1800.4,1784.3,0.50%
08/11/2022,1789.7,1794.3,1794.3,1785.7,-0.33%
08/10/2022,1795.6,1804.4,1804.9,1787.8,0.09%
08/09/2022,1794.0,1790.0,1796.1,1789.0,0.40%
08/08/2022,1786.8,1771.8,1786.8,1771.8,0.78%
08/05/2022,1772.9,1791.2,1791.4,1764.2,-0.87%
08/04/2022,1788.5,1769.4,1792.1,1767.7,1.73%
08/03/2022,1758.0,1756.7,1770.5,1753.0,-0.74%
08/02/2022,1771.1,1772.1,1786.6,1759.4,0.12%
08/01/2022,1769.0,1763.9,1772.5,1756.1,0.35%
07/29/2022,1762.9,1754.0,1765.7,1750.0,0.72%
07/28/2022,1750.3,1732.3,1755.0,1732.0,1.81%
07/27/2022,1719.1,1719.1,1719.1,1719.1,0.08%
07/26/2022,1717.7,1718.0,1718.0,1717.7,-0.08%
07/25/2022,1719.0,1727.0,1732.0,1719.0,-0.47%
07/22/2022,1727.1,1713.3,1735.0,1713.0,0.84%
07/21/2022,1712.7,1687.0,1715.5,1679.8,0.78%
07/20/2022,1699.5,1707.1,1708.5,1699.5,-0.61%
07/19/2022,1710.0,1712.3,1714.4,1706.1,0.05%
07/18/2022,1709.2,1712.2,1712.4,1709.2,0.40%
07/15/2022,1702.4,1705.4,1709.7,1701.1,-0.12%
07/14/2022,1704.5,1710.3,1710.5,1704.5,-1.71%
07/13/2022,1734.2,1710.0,1734.2,1710.0,0.63%
07/12/2022,1723.3,1734.2,1735.5,1723.3,-0.39%
07/11/2022,1730.0,1732.5,1736.7,1730.0,-0.61%
07/08/2022,1740.6,1738.1,1749.3,1732.1,0.16%
07/07/2022,1737.9,1745.2,1745.2,1737.0,0.17%
07/06/2022,1734.9,1762.5,1768.0,1734.0,-1.53%
07/05/2022,1761.8,1805.4,1805.4,1761.8,-2.06%
07/01/2022,1798.9,1795.5,1806.1,1791.6,-0.29%
06/30/2022,1804.1,1809.6,1817.3,1801.0,-0.53%
06/29/2022,1813.7,1818.3,1830.3,1812.8,-0.21%
06/28/2022,1817.5,1824.2,1826.0,1817.5,-0.19%
06/27/2022,1820.9,1830.5,1830.7,1819.9,-0.31%
06/24/2022,1826.5,1820.5,1826.5,1815.8,0.04%
06/23/2022,1825.7,1835.5,1841.2,1825.7,-0.47%
06/22/2022,1834.3,1829.5,1842.7,1821.6,-0.02%
06/21/2022,1834.6,1835.3,1838.6,1830.1,-0.05%
06/17/2022,1835.6,1853.7,1853.7,1833.6,-0.55%
06/16/2022,1845.7,1819.2,1850.6,1814.9,1.67%
06/15/2022,1815.3,1814.1,1839.0,1810.8,0.32%
06/14/2022,1809.5,1825.0,1825.5,1805.3,-1.01%
06/13/2022,1828.0,1873.8,1873.8,1818.7,-2.32%
06/10/2022,1871.5,1842.7,1875.6,1823.9,1.23%
06/09/2022,1848.8,1846.1,1850.1,1837.9,-0.17%
06/08/2022,1851.9,1844.8,1855.0,1844.4,0.24%
06/07/2022,1847.5,1836.9,1851.6,1835.0,0.45%
06/06/2022,1839.2,1849.0,1854.1,1839.2,-0.34%
06/03/2022,1845.4,1867.6,1871.8,1845.4,-1.13%
06/02/2022,1866.5,1845.4,1868.7,1842.1,1.26%
06/01/2022,1843.3,1831.0,1847.9,1825.3,0.03%
05/31/2022,1842.7,1850.3,1862.1,1832.8,-0.46%
05/27/2022,1851.3,1848.3,1860.7,1845.9,0.21%
05/26/2022,1847.4,1840.4,1847.4,1840.4,0.07%
05/25/2022,1846.2,1846.2,1846.2,1846.2,-1.01%
05/24/2022,1865.1,1852.5,1867.0,1852.5,0.94%
05/23/2022,1847.8,1846.3,1863.0,1845.8,0.33%
05/20/2022,1841.8,1839.1,1841.8,1836.3,0.03%
05/19/2022,1841.2,1810.9,1841.2,1810.7,1.39%
05/18/2022,1815.9,1815.0,1819.7,1805.0,-0.13%
05/17/2022,1818.2,1824.9,1828.6,1816.7,0.26%
05/16/2022,1813.5,1790.5,1813.5,1787.0,0.34%
05/13/2022,1807.4,1825.0,1825.0,1807.4,-0.90%
05/12/2022,1823.8,1849.8,1851.9,1822.2,-1.55%
05/11/2022,1852.6,1841.5,1852.6,1841.0,0.69%
05/10/2022,1839.9,1839.9,1839.9,1839.9,-0.93%
05/09/2022,1857.1,1866.6,1867.5,1854.0,-1.28%
05/06/2022,1881.2,1874.7,1890.3,1871.5,0.38%
05/05/2022,1874.0,1897.0,1904.3,1874.0,0.37%
05/04/2022,1867.0,1867.0,1867.0,1867.0,-0.10%
05/03/2022,1868.8,1868.8,1868.8,1868.8,0.38%
05/02/2022,1861.8,1896.7,1896.8,1853.0,-2.49%
04/29/2022,1909.3,1902.7,1918.2,1902.4,1.09%
04/28/2022,1888.7,1883.8,1893.0,1872.9,0.15%
04/27/2022,1885.9,1897.8,1900.6,1882.2,-0.82%
04/26/2022,1901.4,1900.5,1909.1,1894.0,0.43%
04/25/2022,1893.2,1925.0,1925.0,1889.3,-1.96%
04/22/2022,1931.0,1949.6,1950.4,1930.2,-0.71%
04/21/2022,1944.9,1942.5,1944.9,1942.5,-0.38%
04/20/2022,1952.3,1945.5,1953.6,1945.5,-0.17%
04/19/2022,1955.7,1973.8,1978.3,1945.7,-1.37%
04/18/2022,1982.9,1973.4,1997.1,1972.8,0.61%
04/14/2022,1970.9,1977.2,1978.7,1963.0,-0.51%
04/13/2022,1981.0,1969.5,1981.0,1969.5,0.45%
04/12/2022,1972.1,1952.5,1977.1,1950.6,1.43%
04/11/2022,1944.3,1946.6,1968.4,1941.8,0.14%
04/08/2022,1941.6,1928.8,1947.7,1928.8,0.40%
04/07/2022,1933.8,1919.5,1934.8,1919.5,0.80%
04/06/2022,1918.4,1916.7,1931.8,1916.7,-0.23%
04/05/2022,1922.9,1927.1,1943.5,1918.4,-0.33%
04/04/2022,1929.2,1921.2,1936.1,1915.6,0.53%
04/01/2022,1919.1,1935.0,1938.0,1917.0,-1.54%
03/31/2022,1949.2,1933.5,1949.9,1919.1,0.81%
03/30/2022,1933.5,1918.4,1937.0,1914.5,1.12%
03/29/2022,1912.0,1893.5,1912.0,1893.5,-1.42%
03/28/2022,1939.6,1932.6,1939.6,1932.6,-0.73%
03/25/2022,1953.8,1953.8,1953.8,1953.8,-0.40%
03/24/2022,1961.6,1963.6,1964.0,1961.6,1.29%
03/23/2022,1936.6,1936.6,1936.6,1936.6,0.83%
03/22/2022,1920.7,1920.7,1920.7,1920.7,-0.41%
03/21/2022,1928.6,1925.4,1928.6,1925.0,0.02%
03/18/2022,1928.2,1934.5,1939.3,1928.2,-0.72%
03/17/2022,1942.1,1933.9,1947.2,1933.9,1.79%
03/16/2022,1908.0,1922.4,1922.4,1907.2,-1.06%
03/15/2022,1928.5,1939.8,1939.9,1910.7,-1.59%
03/14/2022,1959.6,1976.5,1977.7,1959.6,-1.17%
03/11/2022,1982.7,1985.0,1996.0,1959.9,-0.77%
03/10/2022,1998.1,1978.1,2010.5,1978.1,0.61%
03/09/2022,1985.9,2053.6,2063.0,1980.8,-2.66%
03/08/2022,2040.1,1999.4,2072.0,1998.0,2.32%
03/07/2022,1993.9,1989.0,2001.1,1963.0,1.47%
03/04/2022,1965.1,1937.0,1970.9,1935.6,1.59%
03/03/2022,1934.4,1930.5,1940.3,1924.8,0.70%
03/02/2022,1920.9,1945.6,1948.2,1919.8,-1.11%
03/01/2022,1942.4,1908.3,1942.4,1903.8,2.26%
02/28/2022,1899.4,1928.3,1928.4,1894.2,0.68%
02/25/2022,1886.5,1906.9,1920.0,1883.6,-2.01%
02/24/2022,1925.1,1911.9,1972.5,1911.7,0.83%
02/23/2022,1909.2,1896.6,1910.6,1895.7,0.16%
02/22/2022,1906.1,1908.1,1912.0,1890.8,0.40%
02/18/2022,1898.6,1899.4,1899.4,1890.7,-0.11%
02/17/2022,1900.7,1876.3,1900.7,1876.2,1.63%
02/16/2022,1870.2,1858.7,1870.2,1856.3,0.83%
02/15/2022,1854.8,1872.6,1879.7,1847.4,-0.71%
02/14/2022,1868.0,1861.8,1870.6,1854.6,1.48%
02/11/2022,1840.8,1822.0,1864.8,1822.0,0.25%
02/10/2022,1836.2,1833.3,1842.1,1820.8,0.05%
02/09/2022,1835.2,1825.4,1835.2,1825.3,0.47%
02/08/2022,1826.6,1818.9,1827.6,1815.0,0.33%
02/07/2022,1820.6,1812.2,1821.3,1809.1,0.77%
02/04/2022,1806.6,1806.0,1813.7,1792.5,0.20%
02/03/2022,1803.0,1805.8,1808.1,1787.9,-0.34%
02/02/2022,1809.2,1797.8,1810.1,1795.1,0.49%
02/01/2022,1800.3,1797.2,1806.1,1797.1,0.30%
01/31/2022,1795.0,1788.5,1798.5,1785.1,0.57%
01/28/2022,1784.9,1797.5,1798.4,1778.8,-0.47%
01/27/2022,1793.3,1793.3,1793.3,1793.3,-2.00%
01/26/2022,1829.9,1829.9,1829.9,1829.9,-1.23%
01/25/2022,1852.7,1843.0,1852.7,1842.0,0.60%
01/24/2022,1841.7,1837.9,1842.1,1837.9,0.54%
01/21/2022,1831.8,1838.0,1842.4,1828.9,-0.58%
01/20/2022,1842.5,1840.6,1843.0,1838.2,-0.03%
01/19/2022,1843.1,1817.4,1843.1,1817.4,1.70%
01/18/2022,1812.3,1816.8,1820.1,1812.3,-0.23%
01/14/2022,1816.5,1821.5,1822.0,1816.5,-0.26%
01/13/2022,1821.2,1819.8,1823.0,1815.4,-0.33%
01/12/2022,1827.2,1819.0,1827.2,1816.9,0.47%
01/11/2022,1818.6,1803.9,1822.5,1803.0,1.12%
01/10/2022,1798.4,1794.9,1798.7,1790.4,0.08%
01/07/2022,1797.0,1791.8,1797.0,1784.4,0.46%
01/06/2022,1788.7,1787.1,1791.3,1787.1,-1.97%
01/05/2022,1824.6,1813.1,1824.6,1813.1,0.58%
01/04/2022,1814.0,1800.5,1815.3,1800.0,0.81%
01/03/2022,1799.4,1830.1,1830.1,1798.8,-1.54%
12/31/2021,1827.5,1825.1,1827.8,1821.4,0.82%
12/30/2021,1812.7,1801.7,1816.0,1796.0,0.42%
12/29/2021,1805.1,1803.2,1805.1,1791.4,-0.28%
12/28/2021,1810.2,1812.0,1818.0,1805.5,0.12%
12/27/2021,1808.1,1810.0,1812.1,1807.0,-0.17%
12/23/2021,1811.2,1806.0,1811.2,1800.8,0.53%
12/22/2021,1801.6,1786.0,1805.2,1785.5,0.77%
12/21/2021,1787.9,1791.4,1796.5,1787.9,-0.32%
12/20/2021,1793.7,1796.8,1799.8,1792.0,-0.56%
12/17/2021,1803.8,1804.0,1812.9,1803.8,0.40%
12/16/2021,1796.6,1781.0,1798.1,1781.0,1.93%
12/15/2021,1762.6,1767.4,1778.7,1753.9,-0.44%
12/14/2021,1770.4,1787.0,1787.0,1769.0,-0.89%
12/13/2021,1786.3,1784.4,1787.1,1783.8,0.19%
12/10/2021,1782.9,1773.8,1785.4,1769.1,0.47%
12/09/2021,1774.6,1783.5,1783.5,1771.8,-0.49%
12/08/2021,1783.4,1789.9,1789.9,1779.0,0.04%
12/07/2021,1782.6,1779.5,1786.1,1772.3,0.29%
12/06/2021,1777.5,1780.2,1783.0,1777.2,-0.25%
12/03/2021,1782.0,1767.5,1785.1,1766.5,1.21%
12/02/2021,1760.7,1780.9,1780.9,1760.6,-1.17%
12/01/2021,1781.6,1774.8,1790.5,1772.3,0.45%
11/30/2021,1773.6,1783.9,1808.1,1768.7,-0.49%
11/29/2021,1782.3,1791.7,1798.9,1779.1,-0.17%
11/26/2021,1785.3,1791.1,1791.4,1785.3,0.07%
11/24/2021,1784.1,1793.0,1793.0,1781.4,0.03%
11/23/2021,1783.5,1795.5,1795.5,1783.5,-1.25%
11/22/2021,1806.0,1841.6,1841.6,1805.7,-2.44%
11/19/2021,1851.2,1851.2,1851.2,1851.2,-0.53%
11/18/2021,1861.0,1861.0,1861.0,1861.0,-0.47%
11/17/2021,1869.7,1862.6,1869.7,1862.6,0.87%
11/16/2021,1853.6,1853.6,1853.6,1853.6,-0.67%
11/15/2021,1866.1,1864.5,1866.9,1864.5,-0.10%
11/12/2021,1867.9,1860.8,1867.9,1847.6,0.25%
11/11/2021,1863.2,1853.9,1866.5,1853.9,0.84%
11/10/2021,1847.6,1825.8,1865.0,1824.9,0.95%
11/09/2021,1830.2,1826.1,1832.7,1820.7,0.15%
11/08/2021,1827.4,1817.0,1827.4,1816.9,0.61%
11/05/2021,1816.4,1794.9,1817.1,1794.9,1.31%
11/04/2021,1793.0,1776.6,1798.2,1776.2,1.67%
11/03/2021,1763.6,1768.0,1768.0,1761.8,-1.40%
11/02/2021,1788.7,1790.5,1795.5,1787.7,-0.36%
11/01/2021,1795.1,1787.5,1795.1,1786.7,0.68%
10/29/2021,1783.0,1793.1,1797.0,1774.6,-1.03%
10/28/2021,1801.6,1795.5,1807.3,1795.5,0.21%
10/27/2021,1797.9,1791.5,1798.1,1791.5,0.29%
10/26/2021,1792.7,1808.8,1808.8,1788.6,-0.74%
10/25/2021,1806.0,1794.3,1809.0,1794.0,0.58%
10/22/2021,1795.5,1787.1,1806.9,1784.0,0.80%
10/21/2021,1781.2,1782.0,1785.7,1781.0,-0.16%
10/20/2021,1784.1,1774.6,1785.6,1774.0,0.81%
10/19/2021,1769.7,1777.6,1785.0,1767.5,0.28%
10/18/2021,1764.8,1761.6,1770.1,1759.5,-0.14%
10/15/2021,1767.2,1794.5,1795.4,1766.6,-1.64%
10/14/2021,1796.7,1792.2,1799.9,1792.0,0.17%
10/13/2021,1793.7,1760.8,1794.5,1760.8,2.01%
10/12/2021,1758.3,1751.9,1768.0,1749.8,0.21%
10/11/2021,1754.6,1756.6,1757.8,1752.2,-0.10%
10/08/2021,1756.3,1757.0,1780.0,1754.2,-0.09%
10/07/2021,1757.9,1762.4,1762.4,1752.8,-0.15%
10/06/2021,1760.5,1759.3,1762.9,1744.7,0.05%
10/05/2021,1759.6,1764.3,1764.3,1749.0,-0.37%
10/04/2021,1766.2,1764.5,1768.9,1749.5,0.52%
10/01/2021,1757.0,1754.3,1762.6,1748.5,0.10%
09/30/2021,1755.3,1725.5,1760.3,1724.5,1.96%
09/29/2021,1721.5,1732.4,1744.1,1721.4,-0.82%
09/28/2021,1735.8,1739.6,1741.7,1726.8,-0.81%
09/27/2021,1750.0,1751.7,1754.4,1747.5,0.02%
09/24/2021,1749.7,1749.7,1749.7,1745.0,0.11%
09/23/2021,1747.7,1766.8,1766.8,1738.2,-1.63%
09/22/2021,1776.7,1776.7,1784.3,1767.0,0.04%
09/21/2021,1776.0,1762.2,1776.0,1759.0,0.81%
09/20/2021,1761.8,1751.8,1761.8,1750.9,0.71%
09/17/2021,1749.4,1758.8,1763.0,1749.4,-0.30%
09/16/2021,1754.6,1792.9,1792.9,1743.9,-2.11%
09/15/2021,1792.4,1803.7,1803.7,1792.4,-0.68%
09/14/2021,1804.7,1791.4,1806.2,1783.0,0.71%
09/13/2021,1792.0,1789.8,1796.0,1784.0,0.13%
09/10/2021,1789.6,1789.6,1789.6,1789.6,-0.43%
09/09/2021,1797.4,1798.7,1798.7,1787.9,0.37%
09/08/2021,1790.7,1781.7,1790.7,1781.7,-0.29%
09/07/2021,1795.9,1825.7,1825.7,1792.7,-1.91%
09/03/2021,1830.9,1820.9,1833.9,1818.9,1.23%
09/02/2021,1808.7,1813.2,1813.9,1806.8,-0.24%
09/01/2021,1813.1,1813.5,1815.9,1809.5,-0.10%
08/31/2021,1815.0,1815.9,1815.9,1801.1,0.33%
08/30/2021,1809.0,1818.2,1820.3,1807.8,-0.42%
08/27/2021,1816.6,1803.4,1816.6,1803.1,1.36%
08/26/2021,1792.2,1787.4,1792.2,1781.0,0.22%
08/25/2021,1788.2,1792.0,1792.9,1784.0,-0.96%
08/24/2021,1805.6,1801.0,1805.6,1801.0,0.13%
08/23/2021,1803.2,1776.8,1804.8,1776.8,1.25%
08/20/2021,1781.0,1784.1,1787.5,1778.2,0.04%
08/19/2021,1780.2,1780.0,1789.3,1775.5,-0.08%
08/18/2021,1781.6,1787.8,1791.5,1779.0,-0.19%
08/17/2021,1785.0,1787.7,1794.2,1780.0,-0.11%
08/16/2021,1786.9,1776.9,1787.8,1771.9,0.66%
08/13/2021,1775.2,1758.3,1777.3,1757.4,1.50%
08/12/2021,1749.0,1749.7,1752.4,1745.5,-0.08%
08/11/2021,1750.4,1727.3,1752.2,1727.3,1.25%
08/10/2021,1728.8,1728.6,1735.2,1720.1,0.31%
08/09/2021,1723.4,1753.5,1753.8,1692.6,-2.08%
08/06/2021,1760.0,1799.8,1800.1,1758.4,-2.50%
08/05/2021,1805.1,1810.8,1813.7,1796.0,-0.30%
08/04/2021,1810.5,1809.3,1831.3,1806.3,0.02%
08/03/2021,1810.1,1812.3,1813.5,1806.0,-0.44%
08/02/2021,1818.1,1812.4,1818.7,1804.8,0.30%
07/30/2021,1812.6,1828.0,1830.5,1808.9,-1.02%
07/29/2021,1831.2,1806.6,1832.6,1806.1,1.76%
07/28/2021,1799.5,1799.5,1799.5,1799.5,0.00%
07/27/2021,1799.5,1803.7,1803.7,1799.5,0.04%
07/26/2021,1798.7,1802.5,1802.5,1797.2,-0.15%
07/23/2021,1801.4,1800.0,1801.4,1800.0,-0.20%
07/22/2021,1805.0,1793.6,1805.0,1793.6,0.12%
07/21/2021,1802.9,1807.0,1807.0,1800.0,-0.44%
07/20/2021,1810.9,1812.9,1824.0,1810.9,0.12%
07/19/2021,1808.7,1803.3,1813.4,1803.3,-0.32%
07/16/2021,1814.5,1830.1,1831.4,1814.5,-0.76%
07/15/2021,1828.4,1831.6,1833.0,1823.4,0.22%
07/14/2021,1824.3,1813.1,1829.0,1813.1,0.82%
07/13/2021,1809.4,1808.1,1812.0,1800.6,0.22%
07/12/2021,1805.5,1802.6,1805.5,1799.5,-0.25%
07/09/2021,1810.0,1803.6,1810.1,1798.8,0.58%
07/08/2021,1799.6,1797.0,1818.5,1797.0,-0.11%
07/07/2021,1801.5,1798.7,1808.4,1797.2,0.45%
07/06/2021,1793.5,1786.7,1809.8,1786.7,0.61%
07/02/2021,1782.6,1778.7,1787.9,1778.3,0.38%
07/01/2021,1775.9,1775.7,1781.2,1768.8,0.29%
06/30/2021,1770.8,1761.1,1770.8,1759.2,0.45%
06/29/2021,1762.8,1776.8,1777.1,1752.1,-0.94%
06/28/2021,1779.6,1779.6,1779.6,1779.6,0.17%
06/25/2021,1776.6,1777.7,1788.0,1775.2,0.06%
06/24/2021,1775.6,1778.9,1786.4,1775.6,-0.38%
06/23/2021,1782.3,1780.7,1793.2,1780.6,0.34%
06/22/2021,1776.3,1783.4,1786.9,1775.9,-0.31%
06/21/2021,1781.8,1768.8,1785.2,1766.8,0.79%
06/18/2021,1767.9,1775.7,1792.4,1767.9,-0.33%
06/17/2021,1773.8,1811.8,1823.3,1769.6,-4.61%
06/16/2021,1859.5,1859.4,1860.1,1809.2,0.27%
06/15/2021,1854.5,1866.4,1867.2,1854.4,-0.51%
06/14/2021,1864.0,1866.2,1866.6,1846.5,-0.71%
06/11/2021,1877.4,1900.9,1902.3,1875.2,-0.89%
06/10/2021,1894.2,1887.7,1899.8,1871.5,0.05%
06/09/2021,1893.2,1894.9,1897.7,1889.2,0.05%
06/08/2021,1892.2,1896.5,1902.9,1890.0,-0.24%
06/07/2021,1896.8,1890.5,1899.7,1883.2,0.37%
06/04/2021,1889.8,1869.3,1895.5,1854.0,0.99%
06/03/2021,1871.2,1908.8,1908.8,1865.0,-1.90%
06/02/2021,1907.5,1899.2,1908.8,1896.0,0.24%
06/01/2021,1902.9,1905.1,1916.2,1892.8,0.02%
05/28/2021,1902.5,1897.5,1905.4,1881.9,0.36%
05/27/2021,1895.7,1896.8,1903.9,1888.2,-0.29%
05/26/2021,1901.3,1901.3,1901.3,1901.3,0.17%
05/25/2021,1898.1,1882.5,1898.1,1882.5,0.72%
05/24/2021,1884.6,1882.1,1884.6,1882.1,0.42%
05/21/2021,1876.7,1872.1,1876.7,1872.1,-0.27%
05/20/2021,1881.8,1865.5,1885.0,1864.8,0.03%
05/19/2021,1881.3,1866.4,1884.9,1863.6,0.72%
05/18/2021,1867.8,1870.5,1870.5,1867.8,0.02%
05/17/2021,1867.5,1849.9,1867.5,1847.2,1.61%
05/14/2021,1837.9,1824.5,1842.9,1824.5,0.77%
05/13/2021,1823.8,1814.7,1826.8,1814.1,0.07%
05/12/2021,1822.6,1825.2,1825.2,1821.7,-0.72%
05/11/2021,1835.9,1837.2,1838.1,1831.6,-0.09%
05/10/2021,1837.5,1835.6,1845.6,1835.4,0.35%
05/07/2021,1831.1,1842.9,1842.9,1831.1,0.86%
05/06/2021,1815.5,1788.9,1815.5,1787.6,1.76%
05/05/2021,1784.1,1781.5,1784.1,1779.2,0.47%
05/04/2021,1775.8,1788.2,1788.5,1774.8,-0.87%
05/03/2021,1791.4,1788.5,1793.0,1788.5,1.36%
04/30/2021,1767.3,1771.8,1771.8,1763.9,-0.05%
04/29/2021,1768.1,1781.0,1789.0,1758.6,-0.29%
04/28/2021,1773.2,1768.2,1774.0,1764.6,-0.27%
04/27/2021,1778.0,1780.0,1782.0,1777.7,-0.07%
04/26/2021,1779.2,1778.0,1779.7,1770.8,0.12%
04/23/2021,1777.0,1786.1,1794.5,1772.0,-0.24%
04/22/2021,1781.2,1794.2,1794.2,1779.5,-0.62%
04/21/2021,1792.3,1783.0,1794.1,1777.7,0.84%
04/20/2021,1777.3,1769.3,1777.3,1765.5,0.45%
04/19/2021,1769.4,1782.1,1788.5,1769.4,-0.54%
04/16/2021,1779.0,1770.4,1779.5,1770.1,0.77%
04/15/2021,1765.4,1740.1,1767.9,1740.1,1.76%
04/14/2021,1734.9,1741.3,1745.9,1732.7,-0.65%
04/13/2021,1746.2,1733.8,1746.9,1722.1,0.87%
04/12/2021,1731.2,1740.8,1740.8,1726.7,-0.69%
04/09/2021,1743.3,1750.8,1750.8,1733.3,-0.77%
04/08/2021,1756.8,1736.0,1758.0,1734.6,0.96%
04/07/2021,1740.1,1742.7,1742.7,1733.7,-0.08%
04/06/2021,1741.5,1726.9,1744.8,1726.9,0.84%
04/05/2021,1727.0,1727.9,1729.7,1721.9,0.03%
04/01/2021,1726.5,1706.8,1728.8,1706.4,0.74%
03/31/2021,1713.8,1683.7,1713.8,1676.5,1.78%
03/30/2021,1683.9,1711.0,1712.6,1676.5,-1.65%
03/29/2021,1712.1,1712.1,1712.1,1712.1,-1.16%
03/26/2021,1732.2,1721.3,1732.2,1721.3,0.42%
03/25/2021,1724.9,1732.7,1733.2,1724.5,-0.46%
03/24/2021,1732.9,1727.5,1732.9,1727.5,0.48%
03/23/2021,1724.7,1724.7,1724.7,1724.7,-0.75%
03/22/2021,1737.8,1737.8,1737.8,1737.8,-0.21%
03/19/2021,1741.4,1742.2,1742.2,1733.6,0.53%
03/18/2021,1732.2,1745.8,1750.3,1721.8,0.31%
03/17/2021,1726.8,1735.3,1750.1,1725.6,-0.22%
03/16/2021,1730.6,1732.3,1733.9,1726.0,0.10%
03/15/2021,1728.9,1729.5,1731.9,1722.8,0.55%
03/12/2021,1719.5,1715.9,1722.5,1699.0,-0.16%
03/11/2021,1722.3,1725.6,1737.5,1720.2,0.05%
03/10/2021,1721.5,1713.6,1722.9,1711.0,0.29%
03/09/2021,1716.6,1686.2,1717.5,1685.2,2.32%
03/08/2021,1677.7,1704.7,1705.4,1673.7,-1.20%
03/05/2021,1698.0,1690.6,1701.0,1685.0,-0.13%
03/04/2021,1700.2,1706.5,1717.4,1700.2,-0.88%
03/03/2021,1715.3,1730.0,1732.4,1703.5,-1.03%
03/02/2021,1733.1,1709.4,1733.1,1708.7,0.62%
03/01/2021,1722.5,1737.1,1747.0,1720.3,-0.32%
02/26/2021,1728.1,1768.1,1768.2,1718.8,-2.61%
02/25/2021,1774.4,1801.5,1802.0,1766.7,-1.22%
02/24/2021,1796.4,1805.8,1805.8,1796.4,-0.44%
02/23/2021,1804.4,1809.6,1811.3,1796.4,-0.13%
02/22/2021,1806.7,1784.0,1807.8,1784.0,1.74%
02/19/2021,1775.8,1764.3,1787.6,1764.3,0.14%
02/18/2021,1773.4,1776.1,1784.6,1766.0,0.13%
02/17/2021,1771.1,1785.8,1789.7,1768.8,-1.45%
02/16/2021,1797.2,1820.9,1823.4,1787.3,-1.34%
02/12/2021,1821.6,1825.0,1827.5,1809.2,-0.18%
02/11/2021,1824.9,1840.5,1845.0,1820.9,-0.85%
02/10/2021,1840.6,1842.6,1851.1,1837.0,0.29%
02/09/2021,1835.3,1841.9,1843.3,1830.7,0.19%
02/08/2021,1831.9,1816.3,1836.7,1809.0,1.16%
02/05/2021,1810.9,1794.3,1813.5,1790.9,1.23%
02/04/2021,1788.9,1832.2,1832.2,1782.8,-2.36%
02/03/2021,1832.2,1834.8,1842.4,1829.8,0.09%
02/02/2021,1830.5,1859.6,1861.3,1827.6,-1.63%
02/01/2021,1860.8,1866.6,1871.9,1850.0,0.73%
01/29/2021,1847.3,1842.0,1876.0,1838.7,0.51%
01/28/2021,1837.9,1843.4,1862.9,1831.5,-0.38%
01/27/2021,1844.9,1844.9,1844.9,1844.9,-0.31%
01/26/2021,1850.7,1855.8,1855.8,1850.7,-0.23%
01/25/2021,1854.9,1864.7,1864.7,1851.8,-0.04%
01/22/2021,1855.7,1854.9,1855.7,1852.7,-0.51%
01/21/2021,1865.3,1865.3,1868.0,1865.3,-0.03%
01/20/2021,1865.9,1847.8,1866.6,1844.4,1.44%
01/19/2021,1839.5,1802.0,1842.9,1802.0,0.56%
01/15/2021,1829.3,1829.4,1829.4,1825.0,-1.13%
01/14/2021,1850.3,1836.7,1850.7,1836.7,-0.18%
01/13/2021,1853.6,1858.0,1858.6,1853.6,0.58%
01/12/2021,1842.9,1849.0,1859.7,1839.4,-0.36%
01/11/2021,1849.6,1826.5,1849.6,1826.5,0.85%
01/08/2021,1834.1,1908.0,1908.0,1834.1,-4.09%
01/07/2021,1912.3,1922.6,1926.7,1912.0,0.28%
01/06/2021,1906.9,1952.0,1959.9,1901.5,-2.35%
01/05/2021,1952.7,1941.7,1952.7,1941.3,0.41%
01/04/2021,1944.7,1912.2,1945.1,1912.2,2.73%
12/31/2020,1893.1,1897.0,1901.3,1892.7,0.11%
12/30/2020,1891.0,1879.9,1895.8,1877.3,0.60%
12/29/2020,1879.7,1881.3,1881.3,1879.7,0.13%
12/28/2020,1877.2,1895.5,1895.8,1873.7,-0.14%
12/24/2020,1879.9,1877.3,1879.9,1875.7,0.28%
12/23/2020,1874.7,1867.0,1878.8,1864.5,0.43%
12/22/2020,1866.6,1882.2,1882.2,1861.0,-0.67%
12/21/2020,1879.2,1884.8,1908.0,1869.1,-0.34%
12/18/2020,1885.7,1882.4,1889.5,1882.3,-0.08%
12/17/2020,1887.2,1874.2,1896.2,1874.2,1.68%
12/16/2020,1856.1,1856.5,1864.7,1850.5,0.21%
12/15/2020,1852.3,1833.5,1853.6,1833.2,1.29%
12/14/2020,1828.7,1835.5,1835.7,1822.7,-0.60%
12/11/2020,1839.8,1838.5,1846.0,1829.1,0.34%
12/10/2020,1833.6,1833.2,1849.1,1828.0,-0.05%
12/09/2020,1834.6,1867.1,1867.1,1827.0,-1.94%
12/08/2020,1870.8,1863.0,1875.8,1861.8,0.48%
12/07/2020,1861.8,1836.5,1866.9,1820.8,1.41%
12/04/2020,1835.9,1840.7,1847.6,1828.2,-0.05%
12/03/2020,1836.8,1829.2,1842.0,1825.3,0.61%
12/02/2020,1825.7,1811.3,1830.0,1807.8,0.64%
12/01/2020,1814.1,1775.0,1815.9,1774.9,2.16%
11/30/2020,1775.7,1785.0,1787.2,1762.3,-0.35%
11/27/2020,1781.9,1806.1,1817.0,1770.7,-1.32%
11/25/2020,1805.7,1801.4,1805.7,1801.4,0.05%
11/24/2020,1804.8,1829.3,1829.3,1799.3,-1.80%
11/23/2020,1837.8,1834.8,1837.8,1829.2,-1.86%
11/20/2020,1872.6,1871.2,1872.6,1871.2,0.62%
11/19/2020,1861.1,1865.8,1865.8,1856.0,-0.66%
11/18/2020,1873.5,1873.5,1873.5,1873.5,-0.58%
11/17/2020,1884.5,1888.4,1888.4,1884.5,-0.15%
11/16/2020,1887.3,1874.6,1887.3,1871.0,0.08%
11/13/2020,1885.7,1877.0,1890.1,1876.8,0.70%
11/12/2020,1872.6,1869.0,1878.5,1866.6,0.64%
11/11/2020,1860.7,1878.8,1878.8,1855.5,-0.78%
11/10/2020,1875.4,1879.3,1885.3,1871.2,1.20%
11/09/2020,1853.2,1955.6,1963.2,1847.1,-4.98%
11/06/2020,1950.3,1940.8,1958.8,1940.8,0.26%
11/05/2020,1945.3,1901.7,1948.0,1901.7,2.68%
11/04/2020,1894.6,1893.8,1907.0,1885.3,-0.73%
11/03/2020,1908.5,1891.5,1908.5,1891.5,0.96%
11/02/2020,1890.4,1872.9,1894.7,1872.9,0.69%
10/30/2020,1877.4,1862.8,1886.6,1862.8,0.63%
10/29/2020,1865.6,1876.1,1879.8,1858.8,-0.56%
10/28/2020,1876.2,1870.9,1876.2,1870.9,-1.71%
10/27/2020,1908.8,1904.6,1908.8,1904.4,0.32%
10/26/2020,1902.7,1895.5,1907.0,1893.5,0.04%
10/23/2020,1902.0,1899.9,1913.3,1896.2,0.05%
10/22/2020,1901.1,1924.3,1924.3,1898.2,-1.22%
10/21/2020,1924.6,1913.6,1927.3,1913.6,0.74%
10/20/2020,1910.4,1901.3,1910.4,1896.1,0.21%
10/19/2020,1906.4,1907.3,1907.8,1899.5,0.29%
10/16/2020,1900.8,1898.5,1900.8,1898.5,-0.13%
10/15/2020,1903.2,1897.3,1906.3,1889.6,0.10%
10/14/2020,1901.3,1889.7,1910.8,1882.5,0.68%
10/13/2020,1888.5,1921.9,1922.2,1887.0,-1.77%
10/12/2020,1922.5,1924.0,1926.5,1921.6,0.16%
10/09/2020,1919.5,1909.3,1929.1,1905.1,1.64%
10/08/2020,1888.6,1893.0,1893.0,1882.7,0.27%
10/07/2020,1883.6,1874.1,1889.8,1873.1,-0.92%
10/06/2020,1901.1,1906.6,1918.0,1874.4,-0.60%
10/05/2020,1912.5,1898.9,1915.6,1884.7,0.65%
10/02/2020,1900.2,1893.9,1913.0,1893.9,-0.43%
10/01/2020,1908.4,1884.1,1909.6,1882.5,1.11%
09/30/2020,1887.5,1893.0,1899.7,1879.8,-0.36%
09/29/2020,1894.3,1876.5,1895.4,1872.4,1.15%
09/28/2020,1872.8,1872.8,1872.8,1872.8,0.81%
09/25/2020,1857.7,1856.3,1857.7,1856.3,-0.57%
09/24/2020,1868.3,1851.5,1868.3,1851.5,0.45%
09/23/2020,1859.9,1875.5,1875.5,1859.9,-2.04%
09/22/2020,1898.6,1913.1,1913.1,1898.6,-0.14%
09/21/2020,1901.2,1946.2,1946.2,1883.4,-2.61%
09/18/2020,1952.1,1950.5,1952.1,1949.0,0.62%
09/17/2020,1940.0,1939.0,1946.0,1933.7,-1.03%
09/16/2020,1960.2,1961.3,1961.4,1956.7,0.20%
09/15/2020,1956.3,1955.8,1968.5,1955.8,0.16%
09/14/2020,1953.1,1946.3,1953.1,1943.0,0.79%
09/11/2020,1937.8,1944.0,1949.5,1937.8,-0.84%
09/10/2020,1954.2,1944.1,1962.7,1944.1,0.49%
09/09/2020,1944.7,1926.9,1946.2,1924.6,0.61%
09/08/2020,1933.0,1930.9,1937.9,1903.1,0.47%
09/04/2020,1923.9,1927.9,1939.7,1917.7,-0.19%
09/03/2020,1927.6,1937.1,1938.8,1923.0,-0.35%
09/02/2020,1934.4,1967.3,1967.3,1934.4,-1.72%
09/01/2020,1968.2,1961.7,1986.3,1961.7,0.03%
08/31/2020,1967.6,1970.0,1971.3,1953.3,0.15%
08/28/2020,1964.6,1927.1,1971.3,1922.5,2.24%
08/27/2020,1921.6,1948.9,1972.5,1921.6,-0.98%
08/26/2020,1940.7,1909.7,1950.8,1909.7,1.51%
08/25/2020,1911.8,1927.5,1928.5,1911.8,-0.82%
08/24/2020,1927.7,1930.2,1940.0,1922.2,-0.36%
08/21/2020,1934.6,1941.0,1945.0,1908.9,0.04%
08/20/2020,1933.8,1941.2,1948.3,1922.3,-1.27%
08/19/2020,1958.7,1980.0,1980.0,1938.7,-2.04%
08/18/2020,1999.4,2001.1,2002.8,1972.1,0.73%
08/17/2020,1985.0,1949.6,1985.0,1949.6,2.48%
08/14/2020,1937.0,1938.7,1947.4,1937.0,-1.01%
08/13/2020,1956.7,1921.5,1957.4,1916.9,1.13%
08/12/2020,1934.9,1923.0,1946.6,1871.6,0.12%
08/11/2020,1932.6,2012.4,2016.0,1904.0,-4.53%
08/10/2020,2024.4,2026.4,2043.8,2017.5,0.71%
08/07/2020,2010.1,2040.1,2055.0,2009.6,-2.02%
08/06/2020,2051.5,2045.5,2063.0,2040.0,1.00%
08/05/2020,2031.1,2024.0,2050.2,2011.0,1.49%
08/04/2020,2001.2,1971.0,2016.2,1968.8,1.79%
08/03/2020,1966.0,1984.3,1984.3,1955.5,0.16%
07/31/2020,1962.8,1948.6,1981.1,1948.0,1.06%
07/30/2020,1942.3,1963.4,1965.1,1930.0,-0.57%
07/29/2020,1953.5,1953.2,1953.5,1952.6,0.45%
07/28/2020,1944.7,1931.5,1944.7,1928.6,0.71%
07/27/2020,1931.0,1901.7,1938.0,1901.5,1.78%
07/24/2020,1897.3,1884.3,1897.3,1884.3,0.43%
07/23/2020,1889.1,1868.7,1890.3,1868.5,1.34%
07/22/2020,1864.1,1858.1,1867.0,1854.7,1.18%
07/21/2020,1842.4,1822.0,1842.4,1822.0,1.46%
07/20/2020,1815.9,1807.0,1817.3,1807.0,0.42%
07/17/2020,1808.3,1798.5,1810.1,1798.5,0.53%
07/16/2020,1798.7,1810.9,1810.9,1794.3,-0.70%
07/15/2020,1811.4,1806.1,1813.5,1806.1,0.04%
07/14/2020,1810.6,1791.0,1811.5,1791.0,-0.02%
07/13/2020,1811.0,1805.0,1811.0,1805.0,0.71%
07/10/2020,1798.2,1805.5,1805.5,1797.7,-0.06%
07/09/2020,1799.2,1816.1,1819.8,1799.2,-0.90%
07/08/2020,1815.5,1801.5,1817.9,1801.5,0.63%
07/07/2020,1804.2,1789.3,1804.2,1783.3,0.88%
07/06/2020,1788.5,1788.2,1790.1,1788.2,0.25%
07/02/2020,1784.0,1773.4,1784.0,1768.7,0.61%
07/01/2020,1773.2,1793.6,1798.0,1765.8,-1.10%
06/30/2020,1793.0,1777.3,1793.2,1774.4,1.03%
06/29/2020,1774.8,1779.8,1780.2,1774.3,0.13%
06/26/2020,1772.5,1766.0,1772.5,1764.7,0.59%
06/25/2020,1762.1,1761.7,1764.8,1759.8,-0.21%
06/24/2020,1765.8,1778.3,1783.1,1764.5,-0.36%
06/23/2020,1772.1,1755.4,1776.3,1754.2,0.88%
06/22/2020,1756.7,1755.2,1767.6,1750.5,0.62%
06/19/2020,1745.9,1723.7,1750.7,1723.5,1.22%
06/18/2020,1724.8,1730.5,1734.1,1717.3,-0.25%
06/17/2020,1729.2,1714.7,1729.2,1714.7,-0.02%
06/16/2020,1729.6,1726.3,1729.6,1722.4,0.54%
06/15/2020,1720.3,1730.0,1730.0,1703.3,-0.52%
06/12/2020,1729.3,1724.9,1743.0,1724.9,-0.16%
06/11/2020,1732.0,1737.2,1744.1,1720.0,1.09%
06/10/2020,1713.3,1716.1,1740.8,1711.9,-0.08%
06/09/2020,1714.7,1694.6,1720.9,1692.0,0.97%
06/08/2020,1698.3,1679.1,1699.4,1675.9,1.32%
06/05/2020,1676.2,1711.8,1711.8,1668.6,-2.48%
06/04/2020,1718.9,1694.5,1718.9,1694.5,1.24%
06/03/2020,1697.8,1726.3,1726.3,1684.5,-1.59%
06/02/2020,1725.2,1743.0,1745.5,1721.8,-0.73%
06/01/2020,1737.8,1740.4,1747.0,1727.1,0.05%
05/29/2020,1736.9,1718.8,1738.3,1715.1,1.38%
05/28/2020,1713.3,1709.3,1727.8,1705.0,0.18%
05/27/2020,1710.3,1685.6,1710.3,1685.6,0.32%
05/26/2020,1704.8,1726.4,1726.4,1704.8,-1.72%
05/22/2020,1734.6,1726.6,1734.6,1726.6,0.82%
05/21/2020,1720.5,1746.8,1746.8,1720.5,-1.72%
05/20/2020,1750.6,1751.6,1752.1,1745.6,0.37%
05/19/2020,1744.2,1744.2,1749.5,1744.2,0.72%
05/18/2020,1731.8,1755.7,1770.5,1731.8,-1.23%
05/15/2020,1753.4,1739.7,1753.4,1739.7,0.88%
05/14/2020,1738.1,1724.3,1743.1,1720.5,1.41%
05/13/2020,1713.9,1702.0,1721.3,1701.9,0.56%
05/12/2020,1704.4,1699.3,1713.1,1699.3,0.54%
05/11/2020,1695.3,1702.3,1704.5,1690.2,-0.85%
05/08/2020,1709.9,1726.2,1728.9,1703.8,-0.69%
05/07/2020,1721.8,1686.2,1721.8,1685.6,2.23%
05/06/2020,1684.2,1704.0,1704.0,1684.2,-1.19%
05/05/2020,1704.4,1701.5,1704.4,1697.2,-0.15%
05/04/2020,1706.9,1702.6,1709.0,1699.6,0.73%
05/01/2020,1694.5,1686.6,1701.5,1670.5,0.61%
04/30/2020,1684.2,1719.3,1719.3,1680.8,-1.13%
04/29/2020,1703.4,1710.0,1713.5,1702.0,-0.42%
04/28/2020,1710.5,1716.6,1716.6,1707.1,-0.08%
04/27/2020,1711.9,1731.9,1731.9,1711.9,-0.67%
04/24/2020,1723.5,1744.0,1744.0,1714.5,-0.57%
04/23/2020,1733.3,1734.0,1745.1,1733.3,0.27%
04/22/2020,1728.7,1696.0,1728.7,1684.8,3.01%
04/21/2020,1678.2,1697.0,1707.1,1659.9,-1.38%
04/20/2020,1701.6,1686.0,1701.6,1680.0,0.73%
04/17/2020,1689.2,1715.7,1725.0,1684.9,-1.81%
04/16/2020,1720.4,1731.0,1750.6,1715.0,-0.39%
04/15/2020,1727.2,1739.4,1744.9,1722.7,-1.68%
04/14/2020,1756.7,1756.8,1775.0,1739.5,0.68%
04/13/2020,1744.8,1722.0,1756.8,1710.7,0.50%
04/09/2020,1736.2,1662.7,1736.2,1662.7,4.25%
04/08/2020,1665.4,1669.7,1677.0,1662.5,0.04%
04/07/2020,1664.8,1695.7,1724.4,1658.0,-0.73%
04/06/2020,1677.0,1629.1,1696.7,1625.9,2.65%
04/03/2020,1633.7,1624.5,1636.0,1619.8,0.49%
04/02/2020,1625.7,1590.9,1631.2,1586.0,3.01%
04/01/2020,1578.2,1570.0,1600.0,1570.0,-0.33%
03/31/2020,1583.4,1618.7,1621.0,1576.0,-2.38%
03/30/2020,1622.0,1641.2,1652.8,1607.2,-0.12%
03/27/2020,1623.9,1623.9,1623.9,1623.9,-1.59%
03/26/2020,1650.1,1660.5,1660.5,1650.1,1.09%
03/25/2020,1632.3,1676.5,1676.5,1631.1,-1.68%
03/24/2020,1660.2,1592.7,1685.5,1592.7,5.95%
03/23/2020,1567.0,1505.3,1567.0,1490.2,5.59%
03/20/2020,1484.0,1483.5,1484.0,1483.5,0.37%
03/19/2020,1478.6,1481.5,1491.6,1471.0,0.09%
03/18/2020,1477.3,1537.5,1542.0,1477.3,-3.12%
03/17/2020,1524.9,1469.3,1537.7,1469.3,2.62%
03/16/2020,1485.9,1569.1,1569.1,1452.1,-1.97%
03/13/2020,1515.7,1574.9,1589.8,1513.8,-4.63%
03/12/2020,1589.3,1637.0,1647.5,1566.4,-3.17%
03/11/2020,1641.4,1656.6,1666.5,1635.0,-1.07%
03/10/2020,1659.1,1671.6,1674.6,1643.0,-0.92%
03/09/2020,1674.5,1696.1,1701.6,1657.7,0.22%
03/06/2020,1670.8,1670.8,1686.2,1647.2,0.26%
03/05/2020,1666.4,1637.3,1672.9,1637.2,1.54%
03/04/2020,1641.1,1645.4,1645.9,1631.3,-0.06%
03/03/2020,1642.1,1594.5,1645.3,1594.0,3.13%
03/02/2020,1592.3,1583.9,1608.3,1574.3,1.80%
02/28/2020,1564.1,1640.3,1642.5,1564.1,-4.63%
02/27/2020,1640.0,1641.1,1658.0,1638.5,0.00%
02/26/2020,1640.0,1644.0,1648.1,1636.4,-0.42%
02/25/2020,1646.9,1645.1,1653.7,1632.3,-1.52%
02/24/2020,1672.4,1657.0,1686.6,1650.0,1.69%
02/21/2020,1644.6,1619.3,1645.0,1619.3,1.73%
02/20/2020,1616.6,1606.5,1621.0,1603.0,0.57%
02/19/2020,1607.5,1600.6,1610.5,1599.7,0.47%
02/18/2020,1600.0,1579.8,1604.3,1579.8,1.09%
02/14/2020,1582.7,1575.8,1582.7,1574.8,0.48%
02/13/2020,1575.1,1570.2,1575.1,1570.2,0.49%
02/12/2020,1567.4,1565.2,1568.7,1561.0,0.11%
02/11/2020,1565.6,1570.9,1571.1,1561.9,-0.58%
02/10/2020,1574.7,1569.3,1574.7,1568.6,0.39%
02/07/2020,1568.6,1564.9,1571.9,1560.5,0.22%
02/06/2020,1565.1,1553.6,1565.6,1551.6,0.47%
02/05/2020,1557.8,1553.2,1560.7,1547.7,0.48%
02/04/2020,1550.4,1577.7,1577.7,1547.8,-1.70%
02/03/2020,1577.2,1592.9,1593.3,1568.2,-0.36%
01/31/2020,1582.9,1573.4,1589.0,1570.0,-0.04%
01/30/2020,1583.5,1576.8,1585.0,1571.4,0.87%
01/29/2020,1569.8,1569.8,1569.8,1569.8,0.04%
01/28/2020,1569.2,1576.4,1576.4,1569.2,-0.48%
01/27/2020,1576.8,1584.3,1584.5,1576.8,0.36%
01/24/2020,1571.1,1556.3,1571.1,1556.3,0.42%
01/23/2020,1564.6,1553.1,1564.6,1552.2,0.60%
01/22/2020,1555.3,1549.8,1557.1,1549.8,-0.07%
01/21/2020,1556.4,1559.3,1566.2,1551.0,-0.15%
01/17/2020,1558.8,1554.1,1558.8,1553.6,0.63%
01/16/2020,1549.0,1555.7,1556.1,1548.5,-0.20%
01/15/2020,1552.1,1548.0,1553.9,1545.6,0.63%
01/14/2020,1542.4,1546.7,1546.7,1534.9,-0.39%
01/13/2020,1548.4,1557.4,1558.0,1548.4,-0.58%
01/10/2020,1557.5,1551.2,1558.8,1545.4,0.37%
01/09/2020,1551.7,1555.7,1555.7,1543.3,-0.37%
01/08/2020,1557.4,1579.7,1604.2,1552.3,-0.92%
01/07/2020,1571.8,1558.3,1576.3,1558.3,0.36%
01/06/2020,1566.2,1580.0,1580.0,1560.4,1.10%
01/03/2020,1549.2,1530.1,1552.7,1530.1,1.62%
01/02/2020,1524.5,1518.1,1528.7,1518.0,0.33%
12/31/2019,1519.5,1513.8,1523.4,1513.8,0.33%
12/30/2019,1514.5,1512.6,1515.1,1510.0,0.05%
12/27/2019,1513.8,1513.8,1513.8,1513.8,0.30%
12/26/2019,1509.3,1505.2,1512.3,1505.0,0.68%
12/24/2019,1499.1,1488.7,1499.1,1488.7,1.12%
12/23/2019,1482.5,1482.3,1482.5,1479.9,0.53%
12/20/2019,1474.7,1476.7,1478.1,1474.7,-0.24%
12/19/2019,1478.2,1475.9,1478.9,1473.3,0.38%
12/18/2019,1472.6,1472.6,1472.6,1472.6,-0.14%
12/17/2019,1474.6,1474.1,1476.9,1474.0,-0.03%
12/16/2019,1475.0,1473.8,1475.3,1473.8,-0.04%
12/13/2019,1475.6,1463.1,1475.9,1463.1,0.61%
12/12/2019,1466.7,1475.1,1483.9,1463.7,-0.18%
12/11/2019,1469.4,1463.1,1475.4,1463.1,0.46%
12/10/2019,1462.6,1460.7,1467.2,1460.7,0.23%
12/09/2019,1459.3,1458.8,1464.2,1458.6,0.01%
12/06/2019,1459.1,1475.0,1476.0,1458.2,-1.21%
12/05/2019,1476.9,1474.7,1478.0,1472.3,0.20%
12/04/2019,1474.0,1477.5,1483.4,1471.2,-0.28%
12/03/2019,1478.2,1461.6,1480.4,1459.5,1.09%
12/02/2019,1462.3,1462.8,1464.4,1453.3,-0.23%
11/29/2019,1465.6,1453.6,1465.6,1452.1,0.84%
11/27/2019,1453.4,1461.1,1461.9,1452.0,-0.44%
11/26/2019,1459.8,1459.8,1459.8,1459.8,0.22%
11/25/2019,1456.6,1457.1,1457.1,1455.5,-0.44%
11/22/2019,1463.1,1468.6,1468.6,1463.1,0.00%
11/21/2019,1463.1,1463.1,1463.1,1463.1,-0.69%
11/20/2019,1473.3,1472.6,1474.5,1467.3,0.00%
11/19/2019,1473.3,1467.7,1474.3,1467.7,0.16%
11/18/2019,1470.9,1472.0,1472.0,1469.7,0.25%
11/15/2019,1467.3,1469.1,1469.1,1467.3,-0.31%
11/14/2019,1471.8,1463.8,1471.8,1463.7,0.69%
11/13/2019,1461.7,1456.8,1463.3,1456.8,0.66%
11/12/2019,1452.1,1454.9,1454.9,1447.1,-0.23%
11/11/2019,1455.5,1461.0,1461.0,1449.3,-0.40%
11/08/2019,1461.3,1469.1,1469.1,1461.3,-0.20%
11/07/2019,1464.2,1489.1,1489.1,1464.2,-1.74%
11/06/2019,1490.2,1483.2,1491.0,1483.2,0.63%
11/05/2019,1480.8,1507.1,1507.1,1480.8,-1.80%
11/04/2019,1508.0,1511.6,1511.6,1508.0,0.00%
11/01/2019,1508.0,1511.0,1511.6,1503.0,-0.22%
10/31/2019,1511.4,1496.1,1513.1,1496.1,1.22%
10/30/2019,1493.2,1487.2,1495.4,1481.0,0.42%
10/29/2019,1487.0,1485.9,1487.0,1485.9,-0.20%
10/28/2019,1490.0,1504.1,1504.1,1490.0,-0.63%
10/25/2019,1499.5,1501.4,1514.3,1499.0,0.04%
10/24/2019,1498.9,1490.5,1501.2,1485.9,0.60%
10/23/2019,1489.9,1486.4,1490.3,1486.4,0.55%
10/22/2019,1481.7,1483.4,1483.5,1481.7,-0.05%
10/21/2019,1482.4,1489.9,1489.9,1481.5,-0.39%
10/18/2019,1488.2,1487.3,1489.1,1486.6,-0.27%
10/17/2019,1492.3,1486.2,1493.2,1485.8,0.29%
10/16/2019,1488.0,1482.0,1488.0,1480.0,0.70%
10/15/2019,1477.6,1488.9,1495.4,1476.6,-0.95%
10/14/2019,1491.7,1484.4,1493.5,1481.3,0.61%
10/11/2019,1482.7,1491.9,1494.9,1476.9,-0.81%
10/10/2019,1494.8,1511.2,1511.2,1490.6,-0.75%
10/09/2019,1506.1,1507.7,1507.7,1498.4,0.59%
10/08/2019,1497.2,1489.4,1506.3,1489.3,-0.03%
10/07/2019,1497.7,1504.8,1505.8,1489.1,-0.56%
10/04/2019,1506.2,1505.6,1508.7,1497.1,-0.06%
10/03/2019,1507.1,1497.4,1518.2,1496.6,0.41%
10/02/2019,1501.0,1476.6,1503.7,1474.1,1.28%
10/01/2019,1482.0,1468.7,1485.5,1458.3,1.11%
09/30/2019,1465.7,1495.9,1495.9,1463.5,-2.23%
09/27/2019,1499.1,1504.2,1506.1,1485.6,-0.56%
09/26/2019,1507.5,1507.5,1507.5,1507.5,0.19%
09/25/2019,1504.6,1527.6,1527.9,1504.6,-1.79%
09/24/2019,1532.1,1515.1,1533.0,1515.1,0.55%
09/23/2019,1523.7,1515.5,1523.7,1515.5,1.09%
09/20/2019,1507.3,1503.0,1507.3,1503.0,0.59%
09/19/2019,1498.4,1496.1,1502.4,1496.1,-0.60%
09/18/2019,1507.5,1508.9,1509.4,1489.3,0.16%
09/17/2019,1505.1,1497.9,1505.1,1497.9,0.13%
09/16/2019,1503.1,1506.6,1506.8,1496.9,0.82%
09/13/2019,1490.9,1490.9,1490.9,1486.9,-0.52%
09/12/2019,1498.7,1499.5,1515.4,1498.7,0.29%
09/11/2019,1494.4,1491.7,1496.6,1490.2,0.28%
09/10/2019,1490.3,1498.5,1498.5,1486.9,-0.79%
09/09/2019,1502.2,1509.0,1513.0,1498.0,-0.27%
09/06/2019,1506.2,1517.3,1526.0,1504.5,-0.61%
09/05/2019,1515.4,1551.0,1551.1,1511.1,-2.25%
09/04/2019,1550.3,1549.0,1553.2,1534.8,0.28%
09/03/2019,1545.9,1522.9,1547.3,1521.0,1.76%
08/30/2019,1519.1,1524.6,1530.4,1516.7,-0.48%
08/29/2019,1526.5,1537.5,1549.3,1519.6,-0.73%
08/28/2019,1537.8,1538.1,1538.1,1537.8,-0.21%
08/27/2019,1541.0,1530.5,1542.1,1528.5,0.96%
08/26/2019,1526.3,1543.2,1543.3,1524.3,-0.02%
08/23/2019,1526.6,1493.5,1527.6,1493.5,1.96%
08/22/2019,1497.3,1495.1,1497.3,1493.8,-0.49%
08/21/2019,1504.6,1504.9,1505.0,1498.8,0.00%
08/20/2019,1504.6,1497.5,1506.1,1497.5,0.28%
08/19/2019,1500.4,1507.2,1507.6,1492.9,-0.80%
08/16/2019,1512.5,1524.6,1524.6,1504.7,-0.47%
08/15/2019,1519.6,1519.8,1522.7,1510.6,0.24%
08/14/2019,1515.9,1500.0,1520.5,1497.0,0.91%
08/13/2019,1502.2,1510.4,1531.4,1483.7,-0.21%
08/12/2019,1505.3,1496.0,1514.9,1488.1,0.58%
08/09/2019,1496.6,1506.2,1507.5,1495.6,-0.07%
08/08/2019,1497.7,1498.4,1508.5,1492.0,-0.64%
08/07/2019,1507.3,1473.5,1509.9,1473.2,2.37%
08/06/2019,1472.4,1469.7,1475.0,1457.7,0.53%
08/05/2019,1464.6,1440.4,1469.7,1440.4,1.31%
08/02/2019,1445.6,1448.0,1448.0,1432.3,1.74%
08/01/2019,1420.9,1411.3,1445.2,1400.9,-0.36%
07/31/2019,1426.1,1431.3,1435.8,1411.2,-0.25%
07/30/2019,1429.7,1426.3,1433.9,1422.1,0.71%
07/29/2019,1419.6,1419.6,1419.6,1419.6,0.08%
07/26/2019,1418.5,1422.8,1423.0,1418.5,0.33%
07/25/2019,1413.9,1413.9,1413.9,1413.9,-0.63%
07/24/2019,1422.8,1422.8,1422.8,1422.8,0.19%
07/23/2019,1420.1,1418.6,1421.3,1416.3,-0.36%
07/22/2019,1425.3,1425.3,1425.3,1424.0,0.01%
07/19/2019,1425.1,1440.5,1442.0,1425.1,-0.07%
07/18/2019,1426.1,1422.3,1444.2,1419.5,0.34%
07/17/2019,1421.3,1404.6,1421.3,1404.6,0.86%
07/16/2019,1409.2,1413.6,1413.7,1405.0,-0.16%
07/15/2019,1411.4,1414.4,1415.0,1411.4,0.11%
07/12/2019,1409.9,1405.6,1410.1,1405.6,0.40%
07/11/2019,1404.3,1424.0,1424.0,1404.3,-0.41%
07/10/2019,1410.1,1409.9,1410.1,1409.9,0.90%
07/09/2019,1397.5,1394.5,1397.5,1386.2,0.04%
07/08/2019,1397.0,1395.9,1397.0,1393.6,0.02%
07/05/2019,1396.7,1418.3,1418.3,1390.2,-1.48%
07/03/2019,1417.7,1431.0,1434.0,1413.1,0.93%
07/02/2019,1404.6,1391.1,1418.4,1390.8,1.37%
07/01/2019,1385.6,1386.6,1395.8,1382.8,-1.71%
06/28/2019,1409.7,1408.3,1422.0,1408.3,0.09%
06/27/2019,1408.4,1407.0,1410.8,1399.8,-0.23%
06/26/2019,1411.6,1407.2,1413.3,1405.8,-0.23%
06/25/2019,1414.9,1418.1,1433.3,1414.9,0.04%
06/24/2019,1414.3,1406.0,1420.6,1402.1,1.30%
06/21/2019,1396.2,1406.0,1406.0,1390.3,0.24%
06/20/2019,1392.9,1381.5,1392.9,1379.5,3.59%
06/19/2019,1344.6,1344.0,1344.6,1344.0,-0.15%
06/18/2019,1346.6,1349.3,1349.3,1341.6,0.59%
06/17/2019,1338.7,1339.0,1340.3,1335.0,-0.10%
06/14/2019,1340.1,1345.4,1355.4,1339.3,0.07%
06/13/2019,1339.2,1331.6,1341.1,1331.6,0.55%
06/12/2019,1331.9,1326.9,1334.5,1326.9,0.41%
06/11/2019,1326.4,1328.4,1328.4,1319.1,0.13%
06/10/2019,1324.7,1335.8,1336.5,1324.1,-1.23%
06/07/2019,1341.2,1333.1,1347.7,1329.8,0.27%
06/06/2019,1337.6,1330.8,1338.7,1326.2,0.70%
06/05/2019,1328.3,1328.9,1343.3,1326.3,0.37%
06/04/2019,1323.4,1324.3,1328.6,1320.8,0.05%
06/03/2019,1322.7,1307.0,1327.8,1307.0,1.29%
05/31/2019,1305.8,1287.7,1306.4,1287.5,1.45%
05/30/2019,1287.1,1279.4,1288.3,1273.9,0.51%
05/29/2019,1280.6,1280.6,1280.6,1280.6,0.32%
05/28/2019,1276.5,1276.5,1276.5,1276.5,-0.51%
05/24/2019,1283.0,1283.0,1283.0,1283.0,-0.14%
05/23/2019,1284.8,1284.8,1284.8,1284.8,0.88%
05/22/2019,1273.6,1273.6,1273.6,1273.6,0.13%
05/21/2019,1272.0,1272.0,1272.0,1272.0,-0.32%
05/20/2019,1276.1,1276.1,1276.1,1276.1,0.13%
05/17/2019,1274.5,1280.0,1280.0,1274.5,-0.82%
05/16/2019,1285.0,1285.2,1285.4,1285.0,-0.87%
05/15/2019,1296.3,1296.9,1296.9,1296.0,0.12%
05/14/2019,1294.7,1297.8,1297.8,1294.7,-0.42%
05/13/2019,1300.1,1286.7,1300.1,1281.8,1.12%
05/10/2019,1285.7,1285.4,1286.5,1283.3,0.17%
05/09/2019,1283.5,1278.9,1285.0,1278.8,0.32%
05/08/2019,1279.4,1279.4,1279.4,1279.4,-0.32%
05/07/2019,1283.5,1280.5,1283.5,1280.5,0.14%
05/06/2019,1281.7,1282.2,1282.2,1280.3,0.20%
05/03/2019,1279.2,1270.1,1279.2,1270.1,0.75%
05/02/2019,1269.7,1269.2,1270.8,1266.6,-0.91%
05/01/2019,1281.4,1278.7,1283.3,1278.7,-0.11%
04/30/2019,1282.8,1281.7,1283.3,1280.8,0.33%
04/29/2019,1278.6,1284.8,1284.9,1277.1,-0.49%
04/26/2019,1284.9,1284.9,1284.9,1284.9,0.71%
04/25/2019,1275.8,1280.6,1280.8,1275.8,0.02%
04/24/2019,1275.5,1268.4,1275.5,1267.8,0.49%
04/23/2019,1269.3,1266.4,1269.8,1266.0,-0.33%
04/22/2019,1273.5,1273.5,1273.5,1273.5,0.13%
04/18/2019,1271.9,1270.8,1273.6,1270.1,-0.02%
04/17/2019,1272.2,1273.5,1273.5,1271.6,-0.03%
04/16/2019,1272.6,1285.2,1285.2,1272.2,-1.10%
04/15/2019,1286.8,1284.8,1287.3,1282.3,-0.29%
04/12/2019,1290.6,1293.4,1293.4,1289.2,0.16%
04/11/2019,1288.6,1307.0,1307.1,1288.6,-1.57%
04/10/2019,1309.1,1304.0,1309.1,1301.5,0.43%
04/09/2019,1303.5,1298.5,1304.9,1298.5,0.49%
04/08/2019,1297.1,1292.2,1302.1,1291.8,0.52%
04/05/2019,1290.4,1292.0,1292.0,1283.6,0.11%
04/04/2019,1289.0,1290.6,1292.6,1279.5,-0.07%
04/03/2019,1289.9,1291.4,1293.1,1287.5,-0.01%
04/02/2019,1290.0,1286.3,1290.9,1284.5,0.12%
04/01/2019,1288.4,1291.8,1295.9,1285.7,-0.36%
03/29/2019,1293.0,1289.6,1298.5,1286.1,0.25%
03/28/2019,1289.8,1308.4,1311.1,1287.7,-1.53%
03/27/2019,1309.9,1309.9,1309.9,1309.9,-0.33%
03/26/2019,1314.3,1315.6,1315.6,1314.3,-0.57%
03/25/2019,1321.9,1320.7,1322.9,1320.7,0.79%
03/22/2019,1311.6,1311.6,1311.6,1311.6,0.42%
03/21/2019,1306.1,1306.1,1306.1,1306.1,0.43%
03/20/2019,1300.5,1300.7,1300.7,1300.5,-0.34%
03/19/2019,1305.0,1306.9,1306.9,1304.8,0.36%
03/18/2019,1300.3,1297.3,1302.2,1297.3,-0.12%
03/15/2019,1301.8,1300.9,1304.7,1300.5,0.65%
03/14/2019,1293.4,1293.4,1293.4,1293.4,-1.08%
03/13/2019,1307.5,1307.5,1307.5,1307.5,0.86%
03/12/2019,1296.3,1294.7,1296.3,1294.7,0.58%
03/11/2019,1288.8,1291.0,1291.0,1288.8,-0.63%
03/08/2019,1297.0,1292.1,1297.4,1291.6,1.03%
03/07/2019,1283.8,1281.0,1284.6,1281.0,-0.09%
03/06/2019,1284.9,1287.1,1287.1,1282.6,0.23%
03/05/2019,1282.0,1287.0,1287.0,1282.0,-0.22%
03/04/2019,1284.8,1285.5,1287.0,1281.9,-0.89%
03/01/2019,1296.4,1312.2,1312.2,1288.9,-1.25%
02/28/2019,1312.8,1321.1,1323.7,1311.5,-0.37%
02/27/2019,1317.7,1327.7,1327.9,1316.5,-0.56%
02/26/2019,1325.1,1323.3,1325.5,1323.3,-0.06%
02/25/2019,1325.9,1329.2,1331.6,1325.6,-0.25%
02/22/2019,1329.2,1324.2,1331.3,1321.0,0.43%
02/21/2019,1323.5,1331.3,1334.9,1320.9,-1.47%
02/20/2019,1343.3,1342.2,1344.0,1338.0,0.24%
02/19/2019,1340.1,1320.9,1340.1,1320.5,1.67%
02/15/2019,1318.1,1313.6,1318.8,1313.6,0.63%
02/14/2019,1309.8,1305.0,1311.8,1301.6,-0.08%
02/13/2019,1310.8,1311.6,1316.0,1308.1,0.12%
02/12/2019,1309.2,1310.0,1312.0,1307.6,0.17%
02/11/2019,1307.0,1313.4,1313.4,1304.7,-0.51%
02/08/2019,1313.7,1309.5,1314.0,1307.8,0.33%
02/07/2019,1309.4,1302.9,1310.4,1302.2,-0.01%
02/06/2019,1309.5,1312.5,1313.5,1305.0,-0.36%
02/05/2019,1314.2,1311.1,1315.1,1311.0,-0.01%
02/04/2019,1314.3,1318.1,1318.1,1308.3,-0.20%
02/01/2019,1316.9,1320.3,1320.7,1315.4,-0.21%
01/31/2019,1319.7,1320.0,1325.4,1316.7,0.75%
01/30/2019,1309.9,1310.4,1323.4,1308.1,0.13%
01/29/2019,1308.2,1308.2,1308.2,1308.2,0.45%
01/28/2019,1302.4,1300.8,1307.1,1298.4,0.39%
01/25/2019,1297.4,1297.4,1297.4,1297.4,1.43%
01/24/2019,1279.1,1279.1,1279.1,1278.5,-0.31%
01/23/2019,1283.1,1281.7,1283.9,1278.7,0.05%
01/22/2019,1282.5,1282.5,1283.3,1282.5,0.09%
01/18/2019,1281.3,1281.3,1281.3,1281.3,-0.75%
01/17/2019,1291.0,1291.6,1292.7,1288.5,-0.05%
01/16/2019,1291.6,1291.6,1291.6,1291.6,0.42%
01/15/2019,1286.2,1290.1,1292.7,1286.2,-0.22%
01/14/2019,1289.1,1292.4,1293.9,1289.1,0.16%
01/11/2019,1287.1,1291.2,1291.2,1286.3,0.19%
01/10/2019,1284.7,1284.7,1284.7,1284.7,-0.36%
01/09/2019,1289.3,1279.4,1289.3,1279.2,0.48%
01/08/2019,1283.2,1280.5,1283.2,1278.2,-0.28%
01/07/2019,1286.8,1286.8,1286.8,1286.6,0.32%
01/04/2019,1282.7,1294.2,1294.2,1275.3,-0.70%
01/03/2019,1291.8,1286.8,1292.0,1286.7,0.84%
01/02/2019,1281.0,1286.0,1286.0,1277.6,0.21%
12/31/2018,1278.3,1278.0,1281.3,1277.6,-0.13%
12/28/2018,1279.9,1273.5,1280.1,1273.5,0.20%
12/27/2018,1277.3,1276.7,1277.3,1276.7,0.64%
12/26/2018,1269.2,1269.3,1277.4,1269.2,0.13%
12/24/2018,1267.5,1260.3,1268.5,1260.3,1.09%
12/21/2018,1253.8,1260.3,1261.3,1253.8,-0.78%
12/20/2018,1263.6,1243.2,1263.6,1243.2,0.92%
12/19/2018,1252.1,1255.8,1255.8,1252.1,0.23%
12/18/2018,1249.2,1248.2,1249.2,1245.6,0.14%
12/17/2018,1247.4,1239.3,1247.4,1239.3,0.84%
12/14/2018,1237.0,1241.7,1241.7,1234.1,-0.46%
12/13/2018,1242.7,1243.5,1243.5,1241.0,-0.14%
12/12/2018,1244.4,1245.3,1245.6,1244.1,0.20%
12/11/2018,1241.9,1245.8,1248.7,1241.5,-0.14%
12/10/2018,1243.7,1249.6,1249.6,1241.7,-0.25%
12/07/2018,1246.8,1238.3,1249.8,1237.6,0.70%
12/06/2018,1238.1,1237.5,1244.4,1234.8,-0.24%
12/04/2018,1241.1,1231.0,1241.4,1230.4,0.58%
12/03/2018,1233.9,1222.5,1234.1,1221.3,1.12%
11/30/2018,1220.2,1224.1,1225.0,1216.1,-0.32%
11/29/2018,1224.1,1221.0,1228.7,1220.5,0.22%
11/28/2018,1221.4,1211.5,1221.4,1211.5,0.84%
11/27/2018,1211.2,1221.9,1222.0,1211.2,-0.74%
11/26/2018,1220.2,1220.2,1222.0,1220.2,-0.07%
11/23/2018,1221.0,1224.8,1224.8,1221.0,-0.39%
11/21/2018,1225.8,1225.8,1225.8,1225.8,0.56%
11/20/2018,1219.0,1225.3,1228.8,1219.0,-0.34%
11/19/2018,1223.1,1223.1,1223.1,1223.1,0.19%
11/16/2018,1220.8,1216.7,1223.8,1216.7,0.66%
11/15/2018,1212.8,1212.8,1212.8,1212.8,0.41%
11/14/2018,1207.9,1207.9,1207.9,1207.9,0.73%
11/13/2018,1199.2,1196.3,1201.3,1196.3,-0.17%
11/12/2018,1201.3,1201.6,1201.6,1201.3,-0.42%
11/09/2018,1206.4,1207.9,1207.9,1206.4,-1.35%
11/08/2018,1222.9,1222.9,1222.9,1222.9,-0.27%
11/07/2018,1226.2,1228.6,1228.6,1226.2,0.20%
11/06/2018,1223.8,1230.7,1233.8,1223.8,-0.49%
11/05/2018,1229.8,1230.6,1231.5,1226.7,-0.09%
11/02/2018,1230.9,1233.3,1233.3,1230.9,-0.41%
11/01/2018,1236.0,1215.4,1236.0,1215.4,1.95%
10/31/2018,1212.3,1216.0,1216.6,1212.0,-0.84%
10/30/2018,1222.6,1227.7,1227.7,1219.8,-0.16%
10/29/2018,1224.5,1224.5,1224.5,1224.5,-0.65%
10/26/2018,1232.5,1234.3,1234.8,1232.5,0.28%
10/25/2018,1229.1,1238.6,1238.6,1229.1,0.11%
10/24/2018,1227.8,1231.6,1231.6,1227.8,-0.45%
10/23/2018,1233.4,1224.8,1237.8,1224.8,1.00%
10/22/2018,1221.2,1224.5,1224.5,1219.6,-0.33%
10/19/2018,1225.3,1225.3,1225.3,1225.3,-0.10%
10/18/2018,1226.5,1226.5,1226.5,1226.5,0.23%
10/17/2018,1223.7,1225.9,1225.9,1223.7,-0.29%
10/16/2018,1227.3,1227.1,1230.5,1227.1,0.07%
10/15/2018,1226.4,1222.4,1232.3,1222.4,0.68%
10/12/2018,1218.1,1221.6,1221.6,1216.0,-0.44%
10/11/2018,1223.5,1198.1,1224.6,1196.3,2.88%
10/10/2018,1189.3,1189.3,1192.0,1189.3,0.18%
10/09/2018,1187.2,1185.6,1189.1,1185.6,0.24%
10/08/2018,1184.4,1201.0,1201.0,1183.7,-1.40%
10/05/2018,1201.2,1197.1,1205.3,1196.9,0.33%
10/04/2018,1197.2,1199.3,1204.6,1197.2,-0.09%
10/03/2018,1198.3,1202.6,1202.6,1196.6,-0.34%
10/02/2018,1202.4,1193.0,1206.0,1190.3,1.29%
10/01/2018,1187.1,1191.6,1191.6,1185.8,-0.37%
09/28/2018,1191.5,1181.7,1191.9,1180.0,0.78%
09/27/2018,1182.3,1194.6,1197.3,1180.5,-0.98%
09/26/2018,1194.0,1194.0,1194.0,1194.0,-0.50%
09/25/2018,1200.0,1202.1,1202.8,1200.0,0.06%
09/24/2018,1199.3,1199.3,1199.3,1199.3,0.26%
09/21/2018,1196.2,1196.2,1196.2,1196.2,-0.83%
09/20/2018,1206.2,1206.2,1206.2,1206.2,0.33%
09/19/2018,1202.2,1202.2,1202.2,1202.2,0.45%
09/18/2018,1196.8,1198.7,1198.7,1196.8,-0.24%
09/17/2018,1199.7,1199.7,1199.7,1199.7,0.39%
09/14/2018,1195.0,1195.0,1195.0,1195.0,-0.58%
09/13/2018,1202.0,1203.4,1203.4,1200.0,-0.22%
09/12/2018,1204.7,1205.0,1205.0,1204.7,0.78%
09/11/2018,1195.4,1190.4,1196.3,1190.4,0.20%
09/10/2018,1193.0,1193.0,1193.0,1193.0,-0.05%
09/07/2018,1193.6,1198.3,1198.3,1193.1,-0.36%
09/06/2018,1197.9,1202.0,1202.0,1197.9,0.25%
09/05/2018,1194.9,1192.5,1196.0,1192.5,0.18%
09/04/2018,1192.7,1193.8,1193.8,1189.9,-0.63%
08/31/2018,1200.3,1207.1,1208.2,1199.1,0.22%
08/30/2018,1197.7,1205.4,1205.6,1196.0,-0.56%
08/29/2018,1204.5,1205.2,1205.2,1202.4,-0.24%
08/28/2018,1207.4,1209.7,1217.0,1202.3,-0.13%
08/27/2018,1209.0,1210.3,1211.4,1205.2,0.22%
08/24/2018,1206.3,1185.3,1208.0,1185.3,1.63%
08/23/2018,1187.0,1189.3,1190.3,1184.9,-0.78%
08/22/2018,1196.3,1194.7,1196.3,1194.7,0.31%
08/21/2018,1192.6,1189.8,1192.6,1189.8,0.49%
08/20/2018,1186.8,1184.8,1190.0,1184.4,0.88%
08/17/2018,1176.5,1174.7,1181.2,1174.7,0.03%
08/16/2018,1176.2,1173.2,1180.2,1161.4,-0.11%
08/15/2018,1177.5,1187.8,1188.1,1174.6,-1.30%
08/14/2018,1193.0,1193.1,1197.5,1192.8,0.14%
08/13/2018,1191.3,1207.0,1207.4,1191.3,-1.63%
08/10/2018,1211.1,1212.5,1216.4,1205.6,-0.07%
08/09/2018,1211.9,1214.5,1215.3,1211.6,-0.06%
08/08/2018,1212.6,1212.0,1215.2,1205.9,0.25%
08/07/2018,1209.6,1207.8,1214.8,1207.8,0.08%
08/06/2018,1208.6,1214.4,1214.4,1206.6,-0.46%
08/03/2018,1214.2,1206.5,1218.6,1205.1,0.30%
08/02/2018,1210.6,1214.7,1219.3,1205.8,-0.60%
08/01/2018,1217.9,1222.9,1223.7,1214.4,-0.47%
07/31/2018,1223.7,1220.4,1228.1,1213.0,0.20%
07/30/2018,1221.3,1222.5,1223.9,1218.1,-0.11%
07/27/2018,1222.6,1222.6,1222.6,1222.6,-0.22%
07/26/2018,1225.3,1227.8,1227.8,1225.3,-0.50%
07/25/2018,1231.4,1231.4,1231.4,1231.4,0.61%
07/24/2018,1223.9,1223.9,1223.9,1223.9,-0.01%
07/23/2018,1224.0,1222.0,1224.0,1222.0,-0.45%
07/20/2018,1229.5,1229.5,1229.5,1229.5,0.58%
07/19/2018,1222.4,1227.2,1228.0,1211.7,-0.32%
07/18/2018,1226.3,1226.7,1226.7,1222.2,0.05%
07/17/2018,1225.7,1225.7,1225.7,1225.7,-1.00%
07/16/2018,1238.1,1242.7,1243.8,1238.1,-0.12%
07/13/2018,1239.6,1244.7,1247.0,1239.6,-0.43%
07/12/2018,1245.0,1240.9,1246.7,1240.9,0.18%
07/11/2018,1242.8,1253.2,1253.2,1242.8,-0.88%
07/10/2018,1253.8,1256.2,1256.9,1249.3,-0.34%
07/09/2018,1258.1,1258.2,1262.3,1257.7,0.30%
07/06/2018,1254.3,1255.5,1255.5,1254.3,-0.24%
07/05/2018,1257.3,1255.5,1257.3,1253.6,0.46%
07/03/2018,1251.6,1238.1,1254.1,1237.0,0.95%
07/02/2018,1239.8,1249.9,1249.9,1239.8,-0.92%
06/29/2018,1251.3,1250.3,1253.3,1249.1,0.28%
06/28/2018,1247.8,1251.7,1251.7,1244.8,-0.40%
06/27/2018,1252.8,1255.5,1255.5,1252.3,-0.30%
06/26/2018,1256.6,1267.2,1267.2,1256.6,-0.71%
06/25/2018,1265.6,1270.6,1271.2,1265.6,-0.14%
06/22/2018,1267.4,1268.1,1270.2,1267.0,0.02%
06/21/2018,1267.2,1262.7,1268.9,1260.0,-0.31%
06/20/2018,1271.2,1274.4,1274.4,1271.2,-0.34%
06/19/2018,1275.6,1278.7,1281.8,1269.9,-0.05%
06/18/2018,1276.2,1280.7,1280.7,1276.2,0.13%
06/15/2018,1274.6,1297.2,1307.7,1274.0,-2.25%
06/14/2018,1304.0,1297.2,1307.7,1297.2,0.55%
06/13/2018,1296.9,1294.0,1299.4,1290.9,0.14%
06/12/2018,1295.1,1297.8,1298.1,1292.7,-0.29%
06/11/2018,1298.9,1299.3,1302.0,1295.2,0.06%
06/08/2018,1298.1,1295.3,1299.4,1294.8,-0.05%
06/07/2018,1298.7,1298.4,1302.8,1296.2,0.12%
06/06/2018,1297.1,1296.1,1300.4,1294.1,-0.03%
06/05/2018,1297.5,1292.1,1299.8,1289.9,0.34%
06/04/2018,1293.1,1293.9,1297.1,1290.0,-0.13%
06/01/2018,1294.8,1298.6,1299.5,1288.9,-0.41%
05/31/2018,1300.1,1301.0,1306.8,1296.6,-0.11%
05/30/2018,1301.5,1298.0,1303.7,1295.2,0.22%
05/29/2018,1298.7,1298.7,1298.7,1298.7,-0.35%
05/25/2018,1303.3,1303.3,1303.3,1303.3,-0.03%
05/24/2018,1303.7,1303.7,1303.7,1303.7,1.12%
05/23/2018,1289.3,1289.3,1289.3,1289.3,-0.19%
05/22/2018,1291.7,1291.7,1291.7,1291.7,0.12%
05/21/2018,1290.2,1287.4,1292.1,1287.4,0.00%
05/18/2018,1290.2,1285.2,1290.2,1285.2,0.16%
05/17/2018,1288.2,1291.3,1291.3,1288.2,-0.16%
05/16/2018,1290.2,1290.9,1294.0,1285.4,0.10%
05/15/2018,1288.9,1304.6,1304.7,1288.9,-2.10%
05/14/2018,1316.5,1319.9,1319.9,1316.5,-0.19%
05/11/2018,1319.0,1319.0,1319.0,1319.0,-0.14%
05/10/2018,1320.8,1312.2,1320.8,1312.2,0.72%
05/09/2018,1311.3,1311.3,1311.3,1311.3,-0.05%
05/08/2018,1312.0,1310.1,1312.0,1308.5,-0.02%
05/07/2018,1312.2,1310.6,1312.5,1310.2,-0.04%
05/04/2018,1312.7,1312.7,1312.7,1312.7,0.15%
05/03/2018,1310.7,1310.7,1310.7,1310.7,0.62%
05/02/2018,1302.6,1309.0,1309.3,1302.6,-0.09%
05/01/2018,1303.8,1313.2,1313.8,1303.4,-0.94%
04/30/2018,1316.2,1309.6,1316.2,1309.6,-0.31%
04/27/2018,1320.3,1315.3,1321.7,1312.8,0.30%
04/26/2018,1316.3,1315.7,1316.3,1315.7,-0.37%
04/25/2018,1321.2,1324.0,1325.0,1320.0,-0.77%
04/24/2018,1331.4,1326.4,1331.7,1326.2,0.67%
04/23/2018,1322.5,1334.0,1334.4,1322.5,-1.06%
04/20/2018,1336.7,1342.5,1343.4,1335.3,-0.75%
04/19/2018,1346.8,1348.6,1355.2,1341.6,-0.33%
04/18/2018,1351.2,1343.5,1354.2,1343.5,0.30%
04/17/2018,1347.2,1348.0,1348.1,1339.0,-0.02%
04/16/2018,1347.5,1341.0,1348.8,1341.0,0.20%
04/13/2018,1344.8,1335.9,1346.0,1335.9,0.48%
04/12/2018,1338.4,1351.2,1351.5,1334.6,-1.33%
04/11/2018,1356.5,1340.1,1365.4,1340.1,1.08%
04/10/2018,1342.0,1335.2,1342.0,1333.0,0.43%
04/09/2018,1336.3,1333.0,1337.5,1327.0,0.33%
04/06/2018,1331.9,1326.5,1333.0,1319.0,0.57%
04/05/2018,1324.3,1333.5,1333.7,1322.6,-0.86%
04/04/2018,1335.8,1331.8,1347.3,1331.6,0.23%
04/03/2018,1332.8,1340.4,1341.5,1328.5,-0.69%
04/02/2018,1342.1,1327.0,1344.2,1324.7,1.46%
03/29/2018,1322.8,1324.0,1327.1,1321.7,-0.11%
03/28/2018,1324.2,1345.0,1346.4,1322.4,-1.27%
03/27/2018,1341.3,1341.0,1341.3,1341.0,-0.97%
03/26/2018,1354.4,1348.5,1354.4,1345.1,0.38%
03/23/2018,1349.3,1343.2,1349.3,1343.2,1.71%
03/22/2018,1326.6,1326.6,1326.6,1326.6,0.45%
03/21/2018,1320.7,1312.4,1328.8,1312.4,0.73%
03/20/2018,1311.1,1311.1,1311.1,1311.1,-0.43%
03/19/2018,1316.8,1309.4,1316.9,1307.3,0.42%
03/16/2018,1311.3,1310.1,1311.3,1310.1,-0.42%
03/15/2018,1316.8,1316.8,1316.8,1316.8,-0.57%
03/14/2018,1324.4,1322.2,1324.4,1322.2,-0.11%
03/13/2018,1325.9,1325.9,1325.9,1325.3,0.49%
03/12/2018,1319.4,1319.4,1319.4,1319.4,-0.23%
03/09/2018,1322.4,1316.8,1322.4,1313.0,0.19%
03/08/2018,1319.9,1324.8,1326.8,1319.3,-0.46%
03/07/2018,1326.0,1338.1,1338.1,1326.0,-0.57%
03/06/2018,1333.6,1321.6,1333.6,1321.4,1.18%
03/05/2018,1318.1,1323.5,1325.9,1318.1,-0.23%
03/02/2018,1321.1,1314.3,1323.2,1314.3,1.40%
03/01/2018,1302.9,1310.4,1318.1,1301.8,-0.96%
02/28/2018,1315.5,1315.4,1321.0,1315.4,0.00%
02/27/2018,1315.5,1331.7,1332.6,1312.7,-1.14%
02/26/2018,1330.7,1335.0,1340.5,1330.7,0.19%
02/23/2018,1328.2,1328.0,1332.1,1327.7,-0.18%
02/22/2018,1330.6,1322.0,1331.4,1322.0,0.05%
02/21/2018,1330.0,1326.8,1331.5,1324.4,0.09%
02/20/2018,1328.8,1348.4,1350.2,1328.5,-1.80%
02/16/2018,1353.2,1354.0,1361.4,1344.9,0.08%
02/15/2018,1352.1,1352.0,1355.9,1349.7,-0.25%
02/14/2018,1355.5,1332.8,1355.5,1324.0,2.06%
02/13/2018,1328.1,1324.5,1329.6,1323.4,0.29%
02/12/2018,1324.2,1323.8,1325.5,1318.0,0.85%
02/09/2018,1313.1,1320.9,1322.0,1311.9,-0.29%
02/08/2018,1316.9,1317.1,1321.1,1307.0,0.40%
02/07/2018,1311.6,1325.4,1331.1,1310.5,-1.09%
02/06/2018,1326.1,1338.2,1343.7,1319.5,-0.52%
02/05/2018,1333.0,1331.1,1340.2,1329.0,-0.05%
02/02/2018,1333.7,1348.5,1352.1,1327.7,-0.79%
02/01/2018,1344.3,1343.8,1350.6,1336.8,0.40%
01/31/2018,1339.0,1337.5,1346.9,1331.8,0.27%
01/30/2018,1335.4,1338.7,1347.8,1332.8,-1.20%
01/26/2018,1351.6,1351.6,1352.0,1350.9,-0.79%
01/25/2018,1362.4,1356.3,1362.4,1346.7,0.48%
01/24/2018,1355.9,1355.9,1357.2,1355.9,1.51%
01/23/2018,1335.7,1335.8,1335.9,1335.7,0.36%
01/22/2018,1330.9,1328.4,1330.9,1328.4,-0.08%
01/19/2018,1331.9,1330.1,1333.0,1330.1,0.44%
01/18/2018,1326.0,1328.9,1328.9,1326.0,-0.90%
01/17/2018,1338.0,1334.4,1338.0,1326.8,0.19%
01/16/2018,1335.4,1331.1,1335.4,1331.0,0.15%
01/12/2018,1333.4,1327.8,1338.2,1327.8,0.97%
01/11/2018,1320.6,1317.1,1320.6,1316.3,0.24%
01/10/2018,1317.4,1320.3,1320.7,1315.3,0.43%
01/09/2018,1311.7,1309.6,1311.7,1309.6,-0.52%
01/08/2018,1318.6,1319.9,1319.9,1314.6,-0.13%
01/05/2018,1320.3,1320.3,1320.3,1320.3,0.07%
01/04/2018,1319.4,1319.4,1322.0,1319.4,0.24%
01/03/2018,1316.2,1320.0,1320.1,1312.1,0.19%
01/02/2018,1313.7,1302.3,1317.6,1302.3,0.57%
12/29/2017,1306.3,1294.2,1306.3,1294.0,0.94%
12/28/2017,1294.1,1288.2,1294.1,1288.2,0.55%
12/27/2017,1287.0,1284.0,1287.0,1284.0,0.23%
12/26/2017,1284.1,1282.4,1284.1,1281.8,0.68%
12/22/2017,1275.4,1266.3,1276.3,1266.3,0.64%
12/21/2017,1267.3,1266.4,1267.4,1264.3,0.09%
12/20/2017,1266.1,1261.3,1266.6,1261.3,0.43%
12/19/2017,1260.7,1261.1,1264.3,1259.5,-0.12%
12/18/2017,1262.2,1256.2,1262.4,1255.7,0.63%
12/15/2017,1254.3,1253.1,1260.3,1253.1,0.04%
12/14/2017,1253.8,1252.9,1257.7,1250.3,0.67%
12/13/2017,1245.4,1241.9,1254.5,1239.8,0.56%
12/12/2017,1238.5,1241.3,1244.4,1236.5,-0.42%
12/11/2017,1243.7,1248.4,1249.2,1239.9,-0.12%
12/08/2017,1245.2,1246.3,1249.3,1241.5,-0.37%
12/07/2017,1249.8,1262.3,1262.4,1243.9,-1.03%
12/06/2017,1262.8,1264.9,1267.8,1261.6,0.10%
12/05/2017,1261.6,1275.4,1275.8,1260.0,-1.00%
12/04/2017,1274.3,1272.5,1276.1,1270.3,-0.35%
12/01/2017,1278.8,1274.1,1288.6,1271.0,0.44%
11/30/2017,1273.2,1283.1,1284.5,1269.7,-0.69%
11/29/2017,1282.1,1293.4,1296.2,1281.1,-0.97%
11/28/2017,1294.7,1294.7,1294.7,1294.7,0.07%
11/27/2017,1293.8,1293.8,1293.8,1293.8,0.55%
11/24/2017,1286.7,1286.7,1286.7,1286.7,-0.38%
11/22/2017,1291.6,1284.7,1291.6,1282.9,0.82%
11/21/2017,1281.1,1281.1,1281.1,1281.1,0.51%
11/20/2017,1274.6,1274.6,1275.9,1274.6,-1.64%
11/17/2017,1295.8,1288.3,1295.8,1288.3,1.44%
11/16/2017,1277.4,1277.5,1277.5,1277.4,0.07%
11/15/2017,1276.5,1281.4,1284.7,1275.9,-0.39%
11/14/2017,1281.5,1276.9,1281.5,1276.9,0.33%
11/13/2017,1277.3,1277.3,1277.3,1277.0,0.39%
11/10/2017,1272.4,1283.5,1283.5,1272.4,-1.03%
11/09/2017,1285.6,1279.7,1286.9,1279.7,0.31%
11/08/2017,1281.6,1275.9,1284.9,1274.7,0.62%
11/07/2017,1273.7,1276.8,1276.8,1270.4,-0.45%
11/06/2017,1279.4,1269.0,1280.5,1269.0,1.02%
11/03/2017,1266.5,1265.3,1267.9,1265.3,-0.66%
11/02/2017,1274.9,1274.9,1274.9,1274.9,0.06%
11/01/2017,1274.1,1272.2,1274.8,1270.3,0.56%
10/31/2017,1267.0,1273.1,1274.6,1266.1,-0.56%
10/30/2017,1274.1,1270.0,1274.1,1267.9,0.44%
10/27/2017,1268.5,1268.4,1268.5,1267.1,0.17%
10/26/2017,1266.3,1273.5,1273.5,1264.7,-0.71%
10/25/2017,1275.4,1269.9,1275.4,1269.9,0.03%
10/24/2017,1275.0,1275.5,1275.5,1273.7,-0.21%
10/23/2017,1277.7,1274.7,1280.8,1271.5,0.02%
10/20/2017,1277.4,1279.6,1279.6,1277.4,-0.74%
10/19/2017,1286.9,1286.4,1286.9,1285.1,0.55%
10/18/2017,1279.9,1279.9,1279.9,1279.9,-0.24%
10/17/2017,1283.0,1295.1,1295.1,1283.0,-1.30%
10/16/2017,1299.9,1302.0,1303.8,1291.9,-0.12%
10/13/2017,1301.5,1293.3,1301.7,1291.7,0.63%
10/12/2017,1293.3,1291.5,1294.5,1289.3,0.58%
10/11/2017,1285.8,1287.3,1292.0,1284.9,-0.37%
10/10/2017,1290.6,1282.6,1293.0,1281.7,0.69%
10/09/2017,1281.8,1280.6,1284.0,1279.0,0.80%
10/06/2017,1271.6,1267.6,1272.0,1260.5,0.13%
10/05/2017,1269.9,1277.8,1277.8,1267.6,-0.30%
10/04/2017,1273.7,1273.8,1280.8,1270.0,0.17%
10/03/2017,1271.5,1269.7,1273.3,1268.6,-0.09%
10/02/2017,1272.7,1275.0,1276.1,1270.4,-0.69%
09/29/2017,1281.5,1284.2,1289.4,1281.5,-0.31%
09/28/2017,1285.5,1283.1,1288.0,1277.0,0.16%
09/27/2017,1283.4,1283.4,1283.4,1283.4,-1.05%
09/26/2017,1297.0,1304.5,1305.6,1297.0,-0.75%
09/25/2017,1306.8,1293.1,1309.2,1291.0,1.04%
09/22/2017,1293.3,1295.0,1295.7,1293.3,0.21%
09/21/2017,1290.6,1299.1,1304.1,1290.3,-1.63%
09/20/2017,1312.0,1312.0,1312.0,1298.7,0.44%
09/19/2017,1306.2,1307.9,1310.3,1305.1,-0.01%
09/18/2017,1306.3,1309.8,1310.4,1306.0,-1.07%
09/15/2017,1320.4,1320.6,1321.2,1319.8,-0.32%
09/14/2017,1324.7,1319.6,1329.3,1319.6,0.10%
09/13/2017,1323.4,1323.4,1323.4,1323.4,-0.35%
09/12/2017,1328.0,1327.0,1328.0,1325.2,-0.23%
09/11/2017,1331.0,1331.0,1331.0,1327.3,-1.11%
09/08/2017,1346.0,1351.0,1355.8,1345.6,0.07%
09/07/2017,1345.1,1336.4,1349.0,1336.4,0.84%
09/06/2017,1333.9,1340.0,1340.3,1332.6,-0.40%
09/05/2017,1339.2,1335.2,1339.2,1328.6,1.11%
09/01/2017,1324.5,1320.2,1327.7,1316.9,0.63%
08/31/2017,1316.2,1306.6,1322.3,1301.7,0.62%
08/30/2017,1308.1,1308.2,1312.5,1304.9,-0.38%
08/29/2017,1313.1,1318.8,1323.8,1313.1,0.26%
08/28/2017,1309.7,1293.5,1311.3,1293.5,1.33%
08/25/2017,1292.5,1285.4,1292.7,1280.3,0.47%
08/24/2017,1286.5,1288.7,1288.7,1284.0,-0.19%
08/23/2017,1288.9,1289.4,1289.4,1286.9,0.30%
08/22/2017,1285.1,1287.2,1288.4,1283.2,-0.44%
08/21/2017,1290.8,1285.2,1290.8,1284.7,0.40%
08/18/2017,1285.7,1288.6,1300.7,1284.3,-0.05%
08/17/2017,1286.4,1283.8,1288.5,1283.2,0.74%
08/16/2017,1276.9,1271.3,1282.6,1269.4,0.25%
08/15/2017,1273.7,1280.5,1280.5,1267.4,-0.82%
08/14/2017,1284.2,1288.4,1288.4,1278.8,-0.27%
08/11/2017,1287.7,1286.3,1291.1,1282.0,0.31%
08/10/2017,1283.7,1276.6,1287.4,1274.9,0.84%
08/09/2017,1273.0,1260.2,1277.8,1260.2,1.32%
08/08/2017,1256.4,1256.9,1264.1,1251.4,-0.14%
08/07/2017,1258.2,1258.7,1259.1,1255.3,-0.01%
08/04/2017,1258.3,1269.0,1269.6,1253.9,-0.75%
08/03/2017,1267.8,1265.9,1269.8,1256.6,-0.31%
08/02/2017,1271.8,1268.5,1272.1,1262.9,-0.06%
08/01/2017,1272.6,1268.4,1273.3,1262.0,0.47%
07/31/2017,1266.6,1268.9,1270.8,1265.8,-0.14%
07/28/2017,1268.4,1258.4,1270.0,1256.9,0.70%
07/27/2017,1259.6,1259.6,1259.6,1259.6,0.85%
07/26/2017,1249.0,1244.8,1249.0,1244.8,-0.22%
07/25/2017,1251.7,1252.7,1253.6,1249.2,-0.18%
07/24/2017,1253.9,1256.0,1256.0,1253.9,-0.03%
07/21/2017,1254.3,1250.7,1254.3,1250.5,0.76%
07/20/2017,1244.8,1236.6,1244.8,1236.6,0.29%
07/19/2017,1241.2,1240.4,1241.2,1240.1,0.01%
07/18/2017,1241.1,1236.2,1241.2,1236.2,0.67%
07/17/2017,1232.8,1229.9,1233.4,1229.9,0.51%
07/14/2017,1226.6,1214.9,1227.5,1214.8,0.85%
07/13/2017,1216.3,1221.4,1221.4,1216.3,-0.15%
07/12/2017,1218.1,1218.3,1219.4,1217.9,0.37%
07/11/2017,1213.6,1208.7,1214.9,1208.7,0.12%
07/10/2017,1212.1,1211.4,1212.1,1209.6,0.29%
07/07/2017,1208.6,1219.1,1220.4,1208.6,-1.11%
07/06/2017,1222.2,1225.1,1225.1,1222.2,0.15%
07/05/2017,1220.4,1222.5,1225.0,1217.1,0.21%
07/03/2017,1217.9,1236.0,1236.0,1217.9,-1.84%
06/30/2017,1240.7,1243.7,1243.7,1239.1,-0.28%
06/29/2017,1244.2,1248.2,1250.7,1238.1,-0.30%
06/28/2017,1248.0,1248.5,1248.5,1248.0,0.13%
06/27/2017,1246.4,1251.6,1251.8,1245.9,0.01%
06/26/2017,1246.3,1260.2,1260.2,1241.6,-0.79%
06/23/2017,1256.2,1250.0,1273.6,1249.8,0.69%
06/22/2017,1247.6,1251.0,1252.7,1246.3,0.34%
06/21/2017,1243.4,1244.1,1245.0,1240.0,0.19%
06/20/2017,1241.0,1242.2,1245.5,1240.5,-0.26%
06/19/2017,1244.2,1252.1,1252.2,1241.9,-0.78%
06/16/2017,1254.0,1252.8,1255.3,1251.3,0.14%
06/15/2017,1252.2,1263.2,1264.2,1250.3,-1.62%
06/14/2017,1272.8,1269.4,1278.0,1256.8,0.55%
06/13/2017,1265.8,1264.1,1266.9,1259.7,-0.02%
06/12/2017,1266.1,1266.4,1269.3,1263.2,-0.19%
06/09/2017,1268.5,1277.9,1277.9,1264.6,-0.61%
06/08/2017,1276.3,1285.4,1287.6,1268.1,-1.07%
06/07/2017,1290.1,1291.6,1293.1,1284.3,-0.33%
06/06/2017,1294.4,1279.4,1295.2,1279.4,1.18%
06/05/2017,1279.3,1279.2,1282.0,1277.0,0.20%
06/02/2017,1276.8,1265.2,1279.0,1259.0,0.77%
06/01/2017,1267.0,1268.0,1269.2,1260.8,-0.39%
05/31/2017,1272.0,1262.4,1273.2,1258.5,0.78%
05/30/2017,1262.1,1267.4,1270.0,1258.4,-0.43%
05/26/2017,1267.6,1267.6,1267.6,1267.6,0.94%
05/25/2017,1255.8,1257.1,1258.3,1255.8,0.27%
05/24/2017,1252.4,1251.9,1257.8,1249.7,-0.19%
05/23/2017,1254.8,1261.5,1261.6,1250.6,-0.47%
05/22/2017,1260.7,1251.7,1260.7,1251.7,0.64%
05/19/2017,1252.7,1252.7,1252.7,1252.7,0.08%
05/18/2017,1251.7,1254.8,1260.0,1245.8,-0.46%
05/17/2017,1257.5,1241.0,1259.2,1240.7,1.82%
05/16/2017,1235.0,1230.4,1237.3,1230.4,0.52%
05/15/2017,1228.6,1227.5,1232.7,1227.5,0.20%
05/12/2017,1226.2,1228.0,1229.5,1226.1,0.29%
05/11/2017,1222.7,1218.5,1222.7,1218.3,0.44%
05/10/2017,1217.3,1219.8,1220.2,1217.3,0.25%
05/09/2017,1214.3,1226.1,1226.2,1214.0,-0.90%
05/08/2017,1225.3,1224.0,1234.0,1224.0,0.04%
05/05/2017,1224.8,1227.0,1233.7,1224.8,-0.14%
05/04/2017,1226.5,1239.8,1239.8,1224.2,-1.60%
05/03/2017,1246.4,1255.1,1255.8,1238.7,-0.69%
05/02/2017,1255.1,1256.2,1256.2,1251.2,0.14%
05/01/2017,1253.3,1268.7,1269.3,1253.3,-1.01%
04/28/2017,1266.1,1265.9,1267.2,1264.7,0.19%
04/27/2017,1263.7,1266.7,1267.2,1262.2,0.13%
04/26/2017,1262.1,1266.0,1266.0,1262.1,-0.28%
04/25/2017,1265.6,1275.6,1276.9,1262.1,-0.80%
04/24/2017,1275.8,1275.0,1276.4,1265.0,-0.90%
04/21/2017,1287.4,1279.8,1287.4,1279.2,0.43%
04/20/2017,1281.9,1279.7,1281.9,1276.2,0.04%
04/19/2017,1281.4,1288.0,1288.0,1274.0,-0.80%
04/18/2017,1291.7,1283.9,1291.7,1278.6,0.18%
04/17/2017,1289.4,1291.8,1294.8,1284.3,0.27%
04/13/2017,1285.9,1285.3,1287.6,1282.0,0.83%
04/12/2017,1275.3,1275.0,1285.1,1272.0,0.32%
04/11/2017,1271.2,1254.5,1273.5,1254.5,1.61%
04/10/2017,1251.1,1252.7,1255.2,1246.8,-0.26%
04/07/2017,1254.3,1249.5,1269.1,1249.5,0.32%
04/06/2017,1250.3,1256.1,1257.5,1249.0,0.39%
04/05/2017,1245.4,1255.4,1255.4,1243.0,-0.76%
04/04/2017,1255.0,1253.1,1260.3,1253.0,0.34%
04/03/2017,1250.8,1247.5,1252.4,1243.6,0.28%
03/31/2017,1247.3,1242.1,1248.8,1238.7,0.18%
03/30/2017,1245.0,1253.1,1253.6,1241.1,-0.67%
03/29/2017,1253.4,1252.2,1253.4,1252.1,-0.15%
03/28/2017,1255.3,1255.9,1255.9,1255.3,-0.01%
03/27/2017,1255.4,1255.8,1257.7,1253.8,0.58%
03/24/2017,1248.2,1248.0,1248.3,1247.6,0.10%
03/23/2017,1246.9,1246.4,1247.5,1244.8,-0.19%
03/22/2017,1249.3,1247.9,1249.5,1247.7,0.26%
03/21/2017,1246.1,1226.4,1246.1,1226.4,1.01%
03/20/2017,1233.6,1229.3,1234.4,1229.3,0.31%
03/17/2017,1229.8,1227.1,1230.9,1227.1,0.27%
03/16/2017,1226.5,1222.2,1231.4,1222.2,2.20%
03/15/2017,1200.1,1198.2,1221.2,1197.7,-0.15%
03/14/2017,1201.9,1203.1,1205.9,1196.8,-0.04%
03/13/2017,1202.4,1206.2,1210.0,1202.3,0.14%
03/10/2017,1200.7,1196.2,1203.3,1196.2,-0.14%
03/09/2017,1202.4,1204.5,1205.6,1202.3,-0.50%
03/08/2017,1208.5,1212.2,1212.2,1206.7,-0.54%
03/07/2017,1215.1,1224.3,1225.4,1213.7,-0.77%
03/06/2017,1224.5,1235.2,1235.2,1224.5,-0.08%
03/03/2017,1225.5,1231.7,1235.2,1222.9,-0.52%
03/02/2017,1231.9,1247.2,1247.6,1230.7,-1.36%
03/01/2017,1248.9,1247.8,1248.9,1236.9,-0.30%
02/28/2017,1252.6,1253.6,1257.3,1247.2,-0.38%
02/27/2017,1257.4,1254.7,1263.1,1250.4,0.04%
02/24/2017,1256.9,1250.0,1258.8,1250.0,0.54%
02/23/2017,1250.2,1236.1,1250.3,1236.1,1.48%
02/22/2017,1232.0,1236.1,1238.6,1231.8,-0.44%
02/21/2017,1237.5,1237.3,1237.5,1228.1,-0.01%
02/17/2017,1237.6,1240.7,1241.2,1234.8,-0.19%
02/16/2017,1240.0,1234.5,1240.7,1233.2,0.67%
02/15/2017,1231.7,1225.5,1231.7,1217.3,0.64%
02/14/2017,1223.9,1225.9,1233.5,1222.1,-0.04%
02/13/2017,1224.4,1230.5,1231.1,1219.0,-0.81%
02/10/2017,1234.4,1227.6,1234.4,1221.5,-0.06%
02/09/2017,1235.1,1239.4,1243.5,1226.9,-0.20%
02/08/2017,1237.6,1232.1,1243.9,1231.0,0.28%
02/07/2017,1234.2,1234.2,1236.2,1228.5,0.34%
02/06/2017,1230.0,1221.9,1235.4,1218.5,0.94%
02/03/2017,1218.5,1214.9,1220.6,1206.2,0.15%
02/02/2017,1216.7,1209.7,1224.2,1208.9,0.92%
02/01/2017,1205.6,1211.9,1211.9,1197.9,-0.25%
01/31/2017,1208.6,1194.9,1214.7,1193.5,1.29%
01/30/2017,1193.2,1191.7,1198.5,1187.1,0.43%
01/27/2017,1188.1,1187.9,1188.3,1187.9,-0.12%
01/26/2017,1189.5,1199.7,1199.7,1185.6,-0.65%
01/25/2017,1197.3,1202.0,1202.8,1194.9,-1.07%
01/24/2017,1210.3,1219.0,1219.0,1207.7,-0.39%
01/23/2017,1215.0,1212.0,1215.0,1210.0,0.89%
01/20/2017,1204.3,1202.8,1212.1,1202.8,0.28%
01/19/2017,1200.9,1200.5,1204.0,1195.8,-0.86%
01/18/2017,1211.3,1213.6,1214.7,1203.1,-0.06%
01/17/2017,1212.0,1205.5,1214.6,1200.8,1.40%
01/13/2017,1195.3,1195.7,1196.0,1187.7,-0.30%
01/12/2017,1198.9,1192.7,1204.3,1192.3,0.28%
01/11/2017,1195.6,1187.5,1197.0,1176.5,0.96%
01/10/2017,1184.2,1184.3,1188.9,1182.3,0.06%
01/09/2017,1183.5,1173.9,1183.6,1173.0,0.99%
01/06/2017,1171.9,1176.5,1176.5,1171.9,-0.66%
01/05/2017,1179.7,1172.0,1183.3,1171.5,1.37%
01/04/2017,1163.8,1156.3,1165.0,1156.3,0.29%
01/03/2017,1160.4,1155.2,1160.8,1146.5,0.90%
12/30/2016,1150.0,1162.0,1162.0,1150.0,-0.55%
12/29/2016,1156.4,1143.8,1158.8,1143.6,1.49%
12/28/2016,1139.4,1141.2,1141.2,1138.0,0.18%
12/27/2016,1137.3,1134.3,1142.2,1134.3,0.48%
12/23/2016,1131.9,1130.9,1132.8,1130.3,0.27%
12/22/2016,1128.8,1131.2,1132.8,1128.3,-0.20%
12/21/2016,1131.1,1136.1,1136.1,1130.0,-0.04%
12/20/2016,1131.5,1133.5,1133.5,1126.5,-0.79%
12/19/2016,1140.5,1139.4,1140.7,1137.9,0.46%
12/16/2016,1135.3,1126.9,1140.9,1126.9,0.67%
12/15/2016,1127.8,1139.8,1143.3,1123.9,-2.88%
12/14/2016,1161.3,1159.8,1164.0,1142.0,0.40%
12/13/2016,1156.7,1163.5,1164.0,1155.4,-0.58%
12/12/2016,1163.5,1158.3,1163.9,1153.0,0.35%
12/09/2016,1159.4,1166.6,1168.8,1156.0,-0.89%
12/08/2016,1169.8,1173.8,1177.8,1169.1,-0.44%
12/07/2016,1175.0,1167.7,1178.5,1166.4,0.63%
12/06/2016,1167.6,1170.9,1174.5,1167.1,-0.55%
12/05/2016,1174.0,1181.8,1186.7,1157.0,-0.09%
12/02/2016,1175.1,1172.3,1177.3,1166.4,0.70%
12/01/2016,1166.9,1172.7,1174.6,1160.0,-0.33%
11/30/2016,1170.8,1187.1,1193.3,1167.9,-1.44%
11/29/2016,1187.9,1193.2,1194.8,1179.4,-0.23%
11/28/2016,1190.6,1188.0,1190.6,1188.0,1.05%
11/25/2016,1178.2,1177.0,1189.3,1177.0,-0.92%
11/23/2016,1189.1,1212.8,1213.8,1186.8,-1.81%
11/22/2016,1211.0,1210.4,1211.1,1207.6,0.12%
11/21/2016,1209.6,1209.6,1209.6,1209.6,0.09%
11/18/2016,1208.5,1211.9,1211.9,1207.2,-0.66%
11/17/2016,1216.5,1224.6,1225.0,1211.0,-0.56%
11/16/2016,1223.4,1229.3,1229.3,1223.0,-0.05%
11/15/2016,1224.0,1224.3,1226.0,1222.5,0.23%
11/14/2016,1221.2,1227.8,1229.5,1210.4,-3.50%
11/10/2016,1265.5,1274.4,1287.5,1253.3,-0.56%
11/09/2016,1272.6,1272.2,1318.6,1270.0,-0.06%
11/08/2016,1273.4,1284.1,1289.4,1273.2,-0.38%
11/07/2016,1278.3,1292.0,1294.5,1278.3,-1.92%
11/04/2016,1303.3,1300.0,1303.3,1296.7,0.09%
11/03/2016,1302.1,1296.4,1303.1,1287.3,-0.36%
11/02/2016,1306.8,1288.3,1307.0,1288.3,1.59%
11/01/2016,1286.4,1279.3,1290.7,1279.0,1.17%
10/31/2016,1271.5,1276.6,1276.6,1271.5,-0.31%
10/28/2016,1275.5,1270.3,1281.5,1262.0,0.60%
10/27/2016,1267.9,1269.4,1269.4,1267.9,0.25%
10/26/2016,1264.8,1274.0,1274.0,1264.8,-0.56%
10/25/2016,1271.9,1264.1,1274.1,1264.1,0.78%
10/24/2016,1262.0,1269.2,1269.2,1261.8,-0.31%
10/21/2016,1265.9,1265.9,1265.9,1265.9,0.02%
10/20/2016,1265.6,1270.0,1270.5,1265.5,-0.18%
10/19/2016,1267.9,1262.9,1271.5,1262.9,0.56%
10/18/2016,1260.8,1260.9,1261.7,1260.8,0.51%
10/17/2016,1254.4,1249.9,1255.0,1249.9,0.10%
10/14/2016,1253.1,1253.9,1253.9,1250.6,-0.15%
10/13/2016,1255.0,1258.7,1259.0,1255.0,0.31%
10/12/2016,1251.1,1251.7,1254.0,1251.1,-0.15%
10/11/2016,1253.0,1258.9,1258.9,1253.0,0.33%
10/07/2016,1248.9,1253.9,1263.6,1248.9,-0.07%
10/06/2016,1249.8,1265.3,1265.3,1249.8,-1.22%
10/05/2016,1265.2,1272.1,1274.0,1261.3,-0.09%
10/04/2016,1266.3,1307.6,1310.2,1266.3,-3.26%
10/03/2016,1309.0,1313.5,1316.8,1308.2,-0.33%
09/30/2016,1313.3,1320.6,1327.7,1312.9,-0.64%
09/29/2016,1321.7,1321.2,1325.0,1314.7,0.17%
09/28/2016,1319.4,1319.4,1319.4,1319.4,-0.49%
09/27/2016,1325.9,1328.0,1328.7,1325.9,-1.03%
09/26/2016,1339.7,1335.2,1341.8,1335.2,0.19%
09/23/2016,1337.2,1337.2,1337.2,1337.2,-0.24%
09/22/2016,1340.4,1338.6,1340.4,1338.2,1.02%
09/21/2016,1326.9,1326.3,1326.9,1324.0,1.00%
09/20/2016,1313.7,1313.7,1313.7,1313.7,0.02%
09/19/2016,1313.5,1313.5,1313.5,1313.5,0.59%
09/16/2016,1305.8,1312.2,1312.6,1305.8,-0.59%
09/15/2016,1313.5,1320.7,1320.7,1310.8,-0.61%
09/14/2016,1321.5,1319.2,1322.3,1319.2,0.19%
09/13/2016,1319.0,1324.6,1324.6,1315.0,-0.15%
09/12/2016,1321.0,1327.0,1329.3,1319.9,-0.68%
09/09/2016,1330.1,1338.5,1338.5,1328.0,-0.50%
09/08/2016,1336.8,1344.8,1345.4,1335.7,-0.56%
09/07/2016,1344.3,1348.4,1350.5,1343.9,-0.38%
09/06/2016,1349.4,1323.3,1349.4,1323.2,2.06%
09/02/2016,1322.1,1309.6,1326.7,1309.2,0.75%
09/01/2016,1312.2,1305.3,1313.1,1301.5,0.41%
08/31/2016,1306.9,1310.3,1313.7,1306.3,-0.37%
08/30/2016,1311.7,1322.0,1322.1,1308.0,-0.85%
08/29/2016,1322.9,1315.0,1323.0,1315.0,0.11%
08/26/2016,1321.5,1323.8,1340.5,1320.1,0.11%
08/25/2016,1320.1,1321.4,1324.0,1317.0,-0.32%
08/24/2016,1324.4,1337.2,1337.2,1322.9,-1.21%
08/23/2016,1340.6,1337.0,1341.2,1334.3,0.22%
08/22/2016,1337.7,1334.4,1337.7,1333.3,-0.20%
08/19/2016,1340.4,1350.1,1350.1,1338.6,-0.80%
08/18/2016,1351.2,1351.3,1354.4,1348.2,0.63%
08/17/2016,1342.7,1345.5,1347.3,1338.6,-0.58%
08/16/2016,1350.5,1342.2,1355.0,1341.0,0.76%
08/15/2016,1340.3,1336.5,1340.6,1333.6,0.34%
08/12/2016,1335.8,1336.8,1351.8,1333.2,-0.50%
08/11/2016,1342.5,1341.6,1350.4,1334.8,-0.13%
08/10/2016,1344.3,1344.8,1354.2,1344.3,0.40%
08/09/2016,1339.0,1331.8,1339.4,1328.5,0.42%
08/08/2016,1333.4,1330.0,1335.4,1327.8,-0.22%
08/05/2016,1336.4,1357.6,1360.8,1333.7,-1.65%
08/04/2016,1358.8,1354.4,1361.6,1347.0,0.20%
08/03/2016,1356.1,1362.4,1364.7,1353.3,-0.61%
08/02/2016,1364.4,1352.1,1366.0,1346.6,0.96%
08/01/2016,1351.4,1348.8,1353.5,1345.6,0.18%
07/29/2016,1349.0,1333.2,1353.3,1325.8,1.25%
07/28/2016,1332.3,1339.5,1344.3,1330.1,0.43%
07/27/2016,1326.6,1326.0,1326.6,1326.0,0.45%
07/26/2016,1320.7,1315.2,1320.7,1315.2,0.11%
07/25/2016,1319.3,1315.7,1319.3,1313.8,-0.29%
07/22/2016,1323.1,1330.7,1330.7,1320.4,-0.56%
07/21/2016,1330.5,1312.8,1330.5,1312.8,0.89%
07/20/2016,1318.8,1331.0,1337.5,1315.5,-0.95%
07/19/2016,1331.5,1328.5,1333.2,1326.4,0.23%
07/18/2016,1328.4,1327.5,1335.0,1326.2,0.14%
07/15/2016,1326.5,1333.7,1333.7,1322.9,-0.36%
07/14/2016,1331.3,1341.4,1341.4,1322.7,-0.83%
07/13/2016,1342.4,1341.5,1342.4,1336.7,0.62%
07/12/2016,1334.1,1353.6,1356.0,1330.3,-1.54%
07/11/2016,1355.0,1371.7,1371.8,1353.0,-0.12%
07/08/2016,1356.6,1361.3,1365.8,1335.0,-0.26%
07/07/2016,1360.1,1366.8,1368.6,1350.5,-0.35%
07/06/2016,1364.9,1359.0,1374.9,1359.0,0.63%
07/05/2016,1356.4,1342.2,1356.8,1339.7,1.47%
07/01/2016,1336.7,1324.5,1344.2,1321.9,1.39%
06/30/2016,1318.4,1315.8,1323.5,1314.5,-0.42%
06/29/2016,1323.9,1311.6,1327.4,1311.6,0.65%
06/28/2016,1315.3,1314.8,1315.6,1314.1,-0.54%
06/27/2016,1322.5,1330.0,1331.7,1320.0,0.19%
06/24/2016,1320.0,1253.7,1355.6,1253.7,4.66%
06/23/2016,1261.2,1263.4,1270.5,1255.2,-0.54%
06/22/2016,1268.0,1267.0,1269.2,1264.9,-0.20%
06/21/2016,1270.5,1293.9,1293.9,1266.3,-1.51%
06/20/2016,1290.0,1288.9,1291.2,1280.3,-0.19%
06/17/2016,1292.5,1280.3,1300.1,1280.3,-0.28%
06/16/2016,1296.1,1296.3,1316.4,1281.1,0.80%
06/15/2016,1285.8,1284.6,1296.2,1278.8,0.02%
06/14/2016,1285.6,1281.8,1289.7,1277.8,0.09%
06/13/2016,1284.4,1276.2,1287.3,1273.0,0.86%
06/10/2016,1273.4,1267.6,1278.0,1265.3,0.25%
06/09/2016,1270.2,1262.5,1271.4,1258.1,0.83%
06/08/2016,1259.8,1247.6,1264.0,1247.3,1.24%
06/07/2016,1244.4,1244.0,1244.9,1236.5,-0.02%
06/06/2016,1244.6,1244.4,1247.3,1240.0,0.36%
06/03/2016,1240.1,1209.1,1244.5,1206.4,2.50%
06/02/2016,1209.8,1212.4,1217.0,1209.6,-0.17%
06/01/2016,1211.9,1215.7,1219.8,1205.4,-0.24%
05/31/2016,1214.8,1212.5,1217.6,1199.0,0.08%
05/27/2016,1213.8,1220.3,1223.2,1206.4,-0.52%
05/26/2016,1220.1,1232.6,1232.6,1220.1,-0.28%
05/25/2016,1223.5,1219.3,1223.5,1218.6,-0.44%
05/24/2016,1228.9,1240.0,1240.0,1228.2,-1.77%
05/23/2016,1251.1,1251.6,1251.6,1247.5,-0.10%
05/20/2016,1252.4,1256.6,1256.6,1252.4,-0.14%
05/19/2016,1254.2,1248.0,1255.5,1247.5,-1.53%
05/18/2016,1273.7,1276.4,1276.4,1256.8,-0.20%
05/17/2016,1276.2,1272.5,1281.6,1270.8,0.22%
05/16/2016,1273.4,1272.8,1287.8,1272.8,0.12%
05/13/2016,1271.9,1271.4,1275.7,1264.6,0.13%
05/12/2016,1270.3,1267.0,1281.2,1264.0,-0.34%
05/11/2016,1274.6,1266.9,1279.2,1266.9,0.85%
05/10/2016,1263.9,1265.1,1267.4,1258.7,-0.13%
05/09/2016,1265.6,1286.5,1286.5,1262.3,-2.11%
05/06/2016,1292.9,1278.6,1295.6,1276.9,1.69%
05/05/2016,1271.4,1282.9,1286.0,1270.8,-0.15%
05/04/2016,1273.3,1286.9,1290.0,1273.0,-1.35%
05/03/2016,1290.7,1292.7,1301.5,1284.5,-0.31%
05/02/2016,1294.7,1292.1,1304.4,1290.4,0.43%
04/29/2016,1289.2,1267.3,1295.5,1267.2,1.87%
04/28/2016,1265.5,1245.9,1270.1,1238.5,1.30%
04/27/2016,1249.2,1248.6,1249.5,1248.6,0.56%
04/26/2016,1242.2,1239.8,1244.2,1233.0,0.27%
04/25/2016,1238.9,1231.6,1240.9,1231.6,0.83%
04/22/2016,1228.7,1248.5,1248.5,1228.0,-1.63%
04/21/2016,1249.0,1247.7,1270.6,1247.6,-0.34%
04/20/2016,1253.2,1256.1,1256.1,1243.0,0.02%
04/19/2016,1253.0,1231.6,1256.2,1228.8,1.57%
04/18/2016,1233.6,1238.7,1241.1,1232.2,0.04%
04/15/2016,1233.1,1225.7,1235.0,1225.7,0.66%
04/14/2016,1225.0,1231.4,1243.7,1224.5,-1.75%
04/13/2016,1246.8,1256.5,1256.9,1241.3,-1.00%
04/12/2016,1259.4,1260.0,1261.7,1253.7,0.21%
04/11/2016,1256.7,1241.5,1258.7,1241.5,1.14%
04/08/2016,1242.5,1241.0,1242.8,1232.0,0.51%
04/07/2016,1236.2,1224.8,1242.9,1224.6,1.12%
04/06/2016,1222.5,1230.4,1230.4,1217.6,-0.48%
04/05/2016,1228.4,1215.4,1236.7,1215.4,0.85%
04/04/2016,1218.0,1221.7,1222.3,1215.0,-0.34%
04/01/2016,1222.2,1232.3,1235.2,1209.2,-0.97%
03/31/2016,1234.2,1225.6,1239.6,1224.5,0.59%
03/30/2016,1226.9,1241.4,1245.0,1223.4,-0.70%
03/29/2016,1235.6,1217.8,1235.6,1217.7,1.29%
03/28/2016,1219.9,1211.5,1222.2,1210.0,-0.12%
03/24/2016,1221.4,1214.2,1221.4,1214.2,-0.19%
03/23/2016,1223.7,1247.7,1247.7,1218.6,-1.96%
03/22/2016,1248.2,1244.0,1252.4,1243.8,0.35%
03/21/2016,1243.8,1256.2,1256.2,1243.4,-0.80%
03/18/2016,1253.8,1257.1,1264.4,1251.5,-0.85%
03/17/2016,1264.5,1261.5,1270.1,1255.9,2.86%
03/16/2016,1229.3,1229.5,1263.8,1228.9,-0.09%
03/15/2016,1230.4,1228.3,1236.0,1228.0,-1.13%
03/14/2016,1244.4,1256.0,1258.0,1234.5,-1.14%
03/11/2016,1258.7,1270.0,1280.7,1249.4,-1.05%
03/10/2016,1272.0,1250.0,1273.0,1237.5,1.23%
03/09/2016,1256.6,1254.5,1260.0,1244.8,-0.44%
03/08/2016,1262.1,1268.7,1276.3,1261.0,-0.09%
03/07/2016,1263.2,1259.8,1272.3,1259.7,-0.53%
03/04/2016,1269.9,1263.0,1279.9,1250.9,0.99%
03/03/2016,1257.4,1238.4,1267.9,1238.0,1.31%
03/02/2016,1241.1,1232.8,1242.6,1226.0,0.88%
03/01/2016,1230.3,1240.5,1248.4,1229.0,-0.29%
02/29/2016,1233.9,1218.6,1241.0,1218.6,1.16%
02/26/2016,1219.8,1232.4,1239.1,1212.2,-1.49%
02/25/2016,1238.2,1239.4,1241.5,1235.0,-0.04%
02/24/2016,1238.7,1230.0,1250.1,1230.0,1.34%
02/23/2016,1222.3,1207.4,1226.1,1207.4,1.06%
02/22/2016,1209.5,1226.1,1226.1,1203.0,-1.70%
02/19/2016,1230.4,1230.8,1232.8,1221.8,0.35%
02/18/2016,1226.1,1209.6,1239.2,1201.6,1.24%
02/17/2016,1211.1,1196.5,1212.9,1196.5,0.26%
02/16/2016,1207.9,1233.1,1233.6,1193.6,-2.52%
02/12/2016,1239.1,1247.8,1247.8,1233.5,-0.71%
02/11/2016,1247.9,1205.6,1260.8,1204.6,4.45%
02/10/2016,1194.7,1189.8,1197.7,1182.1,-0.33%
02/09/2016,1198.7,1188.7,1199.2,1186.7,0.07%
02/08/2016,1197.9,1173.5,1200.4,1165.0,3.46%
02/05/2016,1157.8,1155.6,1174.8,1146.0,0.02%
02/04/2016,1157.6,1142.5,1157.6,1141.0,1.43%
02/03/2016,1141.3,1128.5,1146.0,1125.0,1.24%
02/02/2016,1127.3,1128.3,1131.4,1123.0,-0.05%
02/01/2016,1127.9,1116.7,1130.0,1115.3,1.03%
01/29/2016,1116.4,1114.4,1118.6,1108.8,0.07%
01/28/2016,1115.6,1125.4,1125.7,1109.8,-0.04%
01/27/2016,1116.1,1117.8,1117.8,1115.8,-0.50%
01/26/2016,1121.7,1115.1,1121.7,1114.3,1.40%
01/25/2016,1106.2,1099.3,1109.3,1099.3,0.82%
01/22/2016,1097.2,1098.0,1103.2,1097.2,-0.17%
01/21/2016,1099.1,1103.6,1103.6,1094.1,-0.72%
01/20/2016,1107.1,1099.8,1109.8,1099.8,1.58%
01/19/2016,1089.9,1089.8,1094.4,1084.9,-0.15%
01/15/2016,1091.5,1085.0,1095.8,1081.8,1.64%
01/14/2016,1073.9,1091.5,1091.5,1073.7,-1.25%
01/13/2016,1087.5,1081.5,1093.9,1081.5,0.18%
01/12/2016,1085.6,1093.8,1098.5,1084.0,-0.99%
01/11/2016,1096.5,1105.7,1107.9,1096.5,-0.12%
01/08/2016,1097.8,1111.1,1111.1,1093.0,-0.89%
01/07/2016,1107.7,1091.6,1109.4,1091.6,1.45%
01/06/2016,1091.9,1081.6,1093.7,1081.6,1.25%
01/05/2016,1078.4,1075.6,1081.5,1075.3,0.31%
01/04/2016,1075.1,1063.4,1082.5,1063.2,0.00%
